,current_price,etat,brand,cpu_speed,storage_type,ram,screen_size,os,processor,gpu,storage_hdd,storage_ssd
2,US $229.99,newnew,asus,2.00 GHz,ssd (solid state drive),16,16,windows 8hard drive capacity1 tbstorage typessd,amd ryzen 7screen size16 inram size16 gbcolorblackssd capacity1 tbgpuamd radeon graphicsprocessor speed2,amd radeon graphicsprocessor speed2,1 tb,1 tb
32,US $249.99,open boxopen box,lenovo,4.20 GHz,ssd (solid state drive),32,15.6,windows 11 prostorage typessd,intel i5-7th genscreen size15,intel hd graphics 630processor speed4,4 tb,2 tb
40,US $170.00,usedused,asus,2.10 GHz,ssd (solid state drive)item width,8,15.6,windows 10featuresbacklit keyboardstorage typessd,amd ryzen 5screen size15,amd radeon rx vega 8processor speed2,512 gb,512 gb
52,US $200.50,open boxopen box,lenovo,3.00 GHz,ssd (solid state drive)country,12,17.3,windows 10featuresbluetooth,intel core i3-1115g4graphics processing typeintegrated,intel iris xe graphicsrelease year2022item height0,12 gb,512 gb
56,US $199.99,open boxopen box,lenovo,1.20 GHz,ssd (solid state drive)item width,8,14,windows 11 homefeaturesbluetooth,intel core i3 12th gen,intel uhd graphicsprocessor speed1,256 gb,256 gb
64,US $239.00,very good - refurbishedvery good - refurbished,lenovo,1.7 GHz,ssd (solid state drive),16,14,windows 11 prostorage typessd,8350u,intel uhd graphics 620processor speed1,512 gb,512 gb
82,US $127.51,open boxopen box,lenovo,2.50 GHz,ssd (solid state drive)country,8,12.5,windows 10 profeaturesbuilt-in wi-fi adapterhard drive capacity512 gbscreen size12,intel core i7-6600ugraphics processing typeintegrated,intel hd 520form factorlaptoprelease year2019operating systemwindows 10 profeaturesbuilt-in wi-fi adapterhard drive capacity512 gbscreen size12,512 gb,512 gb
114,US $89.99,very good - refurbishedvery good - refurbished,lenovo,1.60 GHz,emmc,4,11.6,windows 10 homehard drive capacity64 gbfeaturesbluetooth,intel celeron nscreen size11,intel hd graphicsprocessor speed1,64 gb,64 gb
118,US $225.00,good - refurbishedgood - refurbished,lenovo,1.90 GHz,ssd (solid state drive),512,14,windows 10featuresbluetooth,intel core i7 8th gen,intel uhd graphics 620processor speed1,512 gb,512 gb
124,US $89.99,very good - refurbishedvery good - refurbished,dell,2.60 GHz,ssd (solid state drive)item weight,4,11.6,chrome osfeaturesbluetooth,intel celeron ngraphics processing typeintegrated,intel hd graphicsrelease year2020manufacturer warranty1 yearitem height0,32 gb,32 gb
150,US $279.95,very good - refurbishedvery good - refurbished,lenovo,1.60 GHz,ssd (solid state drive)country,16,14,editionwindows 11 prooperating systemwindows 11 profeatures10,intel core i5 10th gen,intel hd graphicsoperating system editionwindows 11 prooperating systemwindows 11 profeatures10,1 tb,1 tb
166,US $239.99,open boxopen box,lenovo,2.84 GHz,ssd (solid state drive)item width,8,14,windows 10 prohard drive capacity256 gbfeaturestouchscreen,qualcomm snapdragon 8cxscreen size14 ingraphics processing typeintegrated,qualcomm adreno 680processor speed2,256 gb,256 gb
180,US $297.56,open boxopen box,hp,2.60 GHz,ssd (solid state drive),4,17.3,windows 11featuresbacklit keyboard,intelscreen size17,intel uhd graphicsprocessor speed2,128 gb,128 gb
186,US $648.95,newnew,hp,1.90 GHz,ssd (solid state drive)upc,16,15.6,windows 11 homestorage typessd,intel core i5 13th gen,nvidia geforce rtx 4050processor speed1,512 gb,512 gb
210,US $299.99,open boxopen box,dell,1.90 GHz,ssd (solid state drive)upcdoes not apply,32,14,windows 11 prohard drive capacity500 gbfeatureswi-fistorage typessd,intel core i7 8th gen,intel uhd graphics 620processor speed1,500 gb,500 gb
214,US $169.99,excellent - refurbishedexcellent - refurbished,dell,2.40 GHz,hdd (hard disk drive)colorblackmaximum resolution,8,14,windows 11 profeaturesbacklit keyboard,intel core i5 11th gen,intel iris xe graphicshard drive capacity500 gbstorage typehdd,500 gb,500 gb
232,US $189.46,open boxopen box,dell,2.40 GHz,ssd (solid state drive),16,14,windows 11 prohard drive capacity512 gbfeaturesbluetooth,intel core i5-6300uscreen size14 ingraphics processing typeintegrated,intel hd graphicsprocessor speed2,512 gb,512 gb
240,US $199.98,open boxopen box,dell,1.70 GHz,ssd (solid state drive),16,14,windows 11 profeaturesbacklit keyboard,intel core i5 8th gen,intel hd graphics 620processor speed1,512 gb,512 gb
260,US $237.99,excellent - refurbishedexcellent - refurbished,lenovo,1.70 GHz,ssd (solid state drive),16,14,windows 11 profeaturesbacklit keyboard,intel core i5 8th gen,intel uhd graphicsprocessor speed1,500 gb,500 gb
262,US $89.99,good - refurbishedgood - refurbished,hp,2.60 GHz,ssd (solid state drive),4,15.6,windows 10featuresbluetooth,intel core i5 4th gen,intel hd graphicsprocessor speed2,4 gb,500 gb
272,AU $325.00,usedused,dell,1.70 GHz,nvme (non,16,12.5,windows 11 prohard drive capacity256 gbfeaturesbluetooth,intel core i5 8th gen,integrated intel uhd graphics 620colourblackitem height17,256 gb,256 gb
278,US $199.99,good - refurbishedgood - refurbished,dell,2.60 GHz,ssd (solid state drive),16,12.5,windows 10 prohard drive capacity256 gbfeaturesbluetooth,intel core i5-7300uscreen size12,intel hd graphics 620processor speed2,256 gb,256 gb
280,US $249.99,open boxopen box,hp,4.4 GHz,ssd (solid state drive)item weight,16,14,windows 11 homefeaturesbluetooth,intel core i3 12th gen,intel uhd graphicsprocessor speed4,500 gb,512 gb
282,US $89.99,good - refurbishedgood - refurbished,hp,2.80 GHz,ssd (solid state drive),4,11.6,windows 10featuresbluetooth,intel celeronscreen size11,intel hd graphicsprocessor speed2,128 gb,128 gb
286,US $509.00,open boxopen box,lenovo,1.80 GHz,ssd (solid state drive)country,16,16,windows 11 homehard drive capacity1 tbitem width0,core 7 150umpn83du001kusitem length14,intel uhd graphicsprocessor manufacturerintelrelease year2024item height10,1 tb,1 tb
298,US $209.99,very good - refurbishedvery good - refurbished,dell,1.90 GHz,ssd (solid state drive),16,13,windows 11 profeaturesbacklit keyboard,intel core i7-8650uscreen size13 ingraphics processing typeintegrated,intel hd graphics 620processor speed1,256 gb,256 gb
300,US $197.56,excellent - refurbishedexcellent - refurbished,dell,1.60 GHz,ssd (solid state drive)item weight,16,14,windows 11 homefeaturesbluetooth,intel core i5-8365ugraphics processing typeintegrated,intel uhd graphics 620release year2018manufacturer warranty1 yearitem height0,256 gb,256 gb
304,US $289.00,open boxopen box,lenovo,2.10 GHz,ssd (solid state drive),16,14,windows 11 profeaturesbluetooth,amd ryzen 5 5000 seriesscreen size14 ingraphics processing typeintegrated,amd radeon graphicsprocessor speed2,512 gb,512 gb
336,US $279.99,open boxopen box,dell,1.90 GHz,ssd (solid state drive)upcdoes not apply,16,14,windows 11 prohard drive capacity500 gbfeatureswi-fistorage typessd,intel core i7 8th gen,intel uhd graphics 620processor speed1,500 gb,500 gb
358,US $79.99,very good - refurbishedvery good - refurbished,lenovo,1.60 GHz,emmcitem weight,4,11.6,chrome osfeaturesbluetooth,intel celerongraphics processing typeintegrated,intel hd graphics 500release year2019manufacturer warranty1 yearhard drive capacity16 gboperating systemchrome osfeaturesbluetooth,16 gb,16 gb
364,US $649.99,newnew,hp,4.60 GHz,ssd (solid state drive)upc,16,15.6,windows 11 homestorage typessd,intel core i5 13th gen,nvidia geforce rtx 4050processor speed4,512 gb,512 gb
422,US $159.00/ea,good - refurbishedgood - refurbished,dell,1.60 GHz,hdd (hard disk drive)product linelatitudeupcdoes not apply,8,14.1,editionprofessionaloperating systemwindows 11 profeaturesbluetooth,intel core i5 8th gen,intel hd graphicsoperating system editionprofessionaloperating systemwindows 11 profeaturesbluetooth,256 gb,256 gb
512,US $349.99,good - refurbishedgood - refurbished,lenovo,1.80 GHz,ssd (solid state drive),16,13,windows 11 profeaturesltehard drive capacity256 gbstorage typessd,intel core i7 8th gen,intel uhd graphics 620processor speed1,256 gb,256 gb
516,US $439.00/ea,newnew,hp,1.70 GHz,ssd (solid state drive)maximum resolution,16,14,windows 10hard drive capacity256 gbconnectivitygigabit ethernetrelease year2020brandhpcolorsilverprocessor speed1,intel core i5 10th gen,intel uhd graphicsprocessorintel core i5 10th gen,256 gb,256 gb
532,US $194.00,certified - refurbishedcertified - refurbished,asus,4.10 GHz,ssd (solid state drive)item weight,8,14,windows 11 homefeaturesbluetooth,intel core i3 11th gen,intel uhd graphicsprocessor speed4,256 gb,256 gb
546,US $329.99,newnew,lenovo,1.30 GHz,ssd (solid state drive)upcnot applicable,8,15.6,windows 11 homefeaturesbluetooth,intel core i5 i5-1235uscreen size15,intel iris xe graphicsprocessor speed1,256 gb,256 gb
558,US $95.00,very good - refurbishedvery good - refurbished,hp,1.20 GHz,emmc,4,14,windows 10featurestouchscreen,amd 3020escreen size14 ingraphics processing typeintegrated,amd radeon graphicsprocessor speed1,64 gb,64 gb
570,US $69.99,good - refurbishedgood - refurbished,hp,1.60 GHz,emmc,4,11.6,chrome oshard drive capacity16 gbfeaturesbluetooth,intel celeron nscreen size11,intel hd graphics 400processor speed1,16 gb,16 gb
572,US $159.99,very good - refurbishedvery good - refurbished,dell,2.30 GHz,ssd (solid state drive)country,8,12.5,windows 10 prohard drive capacity256 gbfeatures10,intel core i5-5300ugraphics processing typeintegrated,intel hd graphics 5500manufacturer warranty1 yearoperating systemwindows 10 prohard drive capacity256 gbfeatures10,256 gb,256 gb
580,US $184.95,good - refurbishedgood - refurbished,hp,2.30 GHz,ssd (solid state drive),8,15.6,windows 10 profeaturesbuilt-in microphone,intel core i5 6th gen,intel hd graphicsprocessor speed2,16 gb,256 gb
590,US $199.00/ea,good - refurbishedgood - refurbished,dell,1.70 GHz,ssd (solid state drive)product linelatitudeupcdoes not apply,8,14.1,editionprofessionaloperating systemwindows 11 profeaturesbluetooth,intel core i5 10th gen,intel uhd graphicsoperating system editionprofessionaloperating systemwindows 11 profeaturesbluetooth,256 gb,256 gb
614,US $179.95,very good - refurbishedvery good - refurbished,hp,2.50 GHz,ssd (solid state drive),16,14,editionwindows 10 homefeaturesbuilt-in microphone,intel core i5 2nd gen,intel hd graphicsoperating system editionwindows 10 homefeaturesbuilt-in microphone,512 gb,512 gb
642,US $296.67,very good - refurbishedvery good - refurbished,hp,4.00 GHz,ssd (solid state drive),16,15.6,windows 10 profeaturesbluetooth,amd ryzen 5screen size15,amd radeon graphicsprocessor speed4,512 gb,512 gb
666,US $149.00/ea,good - refurbishedgood - refurbished,dell,2.40 GHz,ssd (solid state drive)item weight,8,14.1,editionprofessionalitem height0,intel core i5 6th gen,intel hd graphicsoperating system editionprofessionalitem height0,256 gb,256 gb
668,US $85.00,certified - refurbishedcertified - refurbished,asus,1.10 GHz,emmcitem width,8,14,chrome osstorage typeemmcitem width9 initem weight3,intel celeron nscreen size14 ingraphics processing typeintegrated,intel hd graphicsprocessor speed1,64 gb,64 gb
678,US $99.99,open boxopen box,lenovo,2.10 GHz,emmccountry,4,11.6,chrome oshard drive capacity32gbitem width7screen size11,mediatekmpn300essd capacity32 gbmost suitable forcasual computing,intelrelease year2022manufacturer warranty3 yearsitem height1featuresconvertible 2-in-1 laptop,32 gb,32 gb
702,US $645.00,very good - refurbishedvery good - refurbished,dell,4.20 GHz,ssd (solid state drive)free expedited fedex,32,15.6,windows 11 prohard drive capacity1 tboptional overnight shippingselect this 1-day shipping service at checkoutscreen size15,intel core i7 8th gen,nvidia geforce mx130getting started with your laptopessential setup guide included in the box,1 tb,1 tb
748,US $425.00,usedused,panasonic,2.60 GHz,ssd (solid state drive),16,12,windows 11 prostorage typessd,intel core i5 7th gen,intel hd graphics 620processor speed2,512 gb,512 gb
766,US $899.00,open boxopen box,lenovo,5.00 GHz,ssd (solid state drive)upc,32,16,windows 11 homefeaturesbluetooth,intel core ult9,nvidia geforce rtx 4050processor speed5,1 tb,1 tb
778,US $465.00,very good - refurbishedvery good - refurbished,dell,4.20 GHz,ssd (solid state drive)item weight,32,14,windows 11 homefeaturesbacklit keyboard,intel core i7 8th gen,intel uhd graphics 620getting started with your laptopessential setup guide included in the box,1 tb,1 tb
782,US $869.00,certified - refurbishedcertified - refurbished,lenovo,4.80 GHz,ssd (solid state drive)upcdoes not apply,32,14,windows 11 profeatures5g,intel core i7 12th gen,intel iris xe graphicsprocessor speed4,512 gb,512 gb
826,US $359.00,newnew,lenovo,2.80 GHz,ssd (solid state drive)displaylcd,16,15,windows 11 home in s modefeaturesbluetooth,amd ryzen 5 7000 seriesscreen size15 ingraphics processing typeintegrated,amd radeon graphicsprocessor speed2,256 gb,256 gb
840,US $208.00,certified - refurbishedcertified - refurbished,hp,2.00 GHz,ssd (solid state drive)item width,8,14,windows 11 homefeaturesbluetooth,intel core i3 11th gen,intel uhd graphicsprocessor speed2,256 gb,256 gb
844,US $419.97,open boxopen box,hp,4.50 GHz,ssd (solid state drive),32,17.3,windows 11 profeaturesbluetooth,r5-7530uscreen size17,amd radeon graphicsprocessor speed4,1 tb,1 tb
858,US $295.00,open boxopen box,dell,2.00 GHz,ssd (solid state drive),16,15.6,windows 11 homefeaturesbluetooth,amd ryzen 7screen size15,amd radeon graphicsprocessor speed2,512 gb,512 gb
868,US $432.00,certified - refurbishedcertified - refurbished,asus,2.00 GHz,ssd (solid state drive),16,17.3,windows 11 homefeaturesbuilt-in webcamstorage typessd,amd ryzen 7screen size17,amd radeon graphicsprocessor speed2,1 tb,1 tb
880,US $289.00,very good - refurbishedvery good - refurbished,hp,1.6 GHz,ssd (solid state drive),16,13.3,windows 11 prostorage typessd,intel core i5 8th gen,intel uhd graphics 620processor speed1,512 gb,512 gb
900,US $625.00,excellent - refurbishedexcellent - refurbished,panasonic,2.70 GHz,ssd (solid state drive),8,10.1,windows 11 prostorage typessd,intel core i5-7300uscreen size10,intel hd graphicsprocessor speed2,512 gb,512 gb
910,AU $279.00,usedused,dell,1.80 GHz,ssd (solid state drive)item weight,8,13.3,editionprofessionalitem height1,intel core i5 8th gen,intel hd graphicscolourblackoperating system editionprofessionalitem height1,256 gb,256 gb
912,US $254.99/ea,excellent - refurbishedexcellent - refurbished,dell,1.90 GHz,ssd (solid state drive),16,14,windows 11 profeatures10,intel core i7 8th gen,intel hd graphics 620processor speed1,512 gb,512 gb
966,US $389.99/ea,excellent - refurbishedexcellent - refurbished,lenovo,1.90 GHz,ssd (solid state drive),32,15.6,windows 11 profeatures10,intel core i7 8th gen,nvidia quadro p500processor speed1,512 gb,512 gb
992,US $212.12,open boxopen box,dell,2.80 GHz,ssd (solid state drive)item width,16,14,windows 11 prohard drive capacity512 gbfeaturestouchscreen,intel core i7 6th gen,intel hd graphics 620processor speed2,512 gb,512 gb
994,US $121.00,certified - refurbishedcertified - refurbished,hp,1.10 GHz,emmcitem width,4,14,windows 11 homefeaturesbluetooth,intel celeron nscreen size14 ingraphics processing typeintegrated,intel hd graphicsprocessor speed1,64 gb,64 gb
998,US $289.99,excellent - refurbishedexcellent - refurbished,dell,1.80 GHz,ssd (solid state drive)upc,16,13,windows 11 prohard drive capacity512 gbtouchscreennoscreen resolution1920 x 1080standard memory16 gbwireless lan standardwi-fi 5,intel core i7 10th gen,intel uhd graphicsprocessor typecore i7processor manufacturerintelprocessor modelcore i7-10610uproduct modellatitude 7310graphics card modeluhd graphicsoperating systemwindows 11 prohard drive capacity512 gbtouchscreennoscreen resolution1920 x 1080standard memory16 gbwireless lan standardwi-fi 5,512 gb,512 gb
1004,US $449.00,open boxopen box,dell,1.90 GHz,ssd (solid state drive),16,14,windows 11 profeatures10,intel core i7 8th gen,amd radeon rx 540x,512 gb,512 gb
1010,US $129.00,open boxopen box,samsung,2.55 GHz,ssd (solid state drive)item width,4,14,windows 11 homefeaturesbluetooth,qualcomm snapdragon 7 cscreen size14 ingraphics processing typeintegrated,qualcomm adrenoprocessor speed2,128 gb,128 gb
1068,US $519.99/ea,very good - refurbishedvery good - refurbished,dell,2.70 GHz,ssd (solid state drive),32,15.6,windows 11 profeaturesbacklit keyboard,intel core i7 10th gen,nvidia quadro t1000processor speed2,512 gb,512 gb
1070,US $199.99,excellent - refurbishedexcellent - refurbished,lenovo,2.40 GHz,ssd (solid state drive)country,20,14,windows 11 profeatureswebcam,intel core i5 6th gen,intel hd graphics 520processor typeintel core i5processor speed2,512 gb,512 gb
1072,US $148.99,usedused,panasonic,2.00 GHz,ssd (solid state drive),8,10,windows 10featuresltehard drive capacity256 gbstorage typessd,intel core i5 4th gen,intel hd graphicsprocessor speed2,256 gb,256 gb
1080,US $214.99,good - refurbishedgood - refurbished,hp,2.30 GHz,ssd (solid state drive),16,13.3,windows 10 prohard drive capacity256 gbstorage typessd,amd ryzen 7 pro 3700uscreen size13,radeon graphicsprocessor speed2,256 gb,256 gb
1094,US $399.00,newnew,dell,2.00 GHz,ssd (solid state drive)item width,16,15.6,windows 11 homefeaturesbluetooth,intel core i5 12th gen,intel iris xe graphicsprocessor speed2,512 gb,512 gb
1100,US $174.99,usedused,lenovo,1.60 GHz,nvme (non,8,13.3,windows 11 prohard drive capacity256 gbfeaturesbluetooth,intel core i5 10th gen,intel uhd graphicsprocessor speed1,256 gb,256 gb
1104,US $459.99,open boxopen box,lenovo,3.00 GHz,ssd (solid state drive),16,13,windows 11 profeatures5g,qualcomm snapdragon 8cx gen 3screen size13 ingraphics processing typeintegrated,qualcomm adreno 8cx gen 3processor speed3,512 gb,512 gb
1114,US $329.99/ea,excellent - refurbishedexcellent - refurbished,lenovo,1.80 GHz,ssd (solid state drive)hardware connectivityusb,24,14,windows 11 profeatures10,i7-8550uscreen size14 ingraphics processing typeintegrated,intel uhd graphics 620processor typeintel core i7 8th genprocessor speed1,512 gb,512 gb
1120,US $322.15,open boxopen box,dell,2.40 GHz,ssd (solid state drive),32,14,windows 11 profeaturesbuilt-in webcam,intel core i5-6300uscreen size14 ingraphics processing typeintegrated,intel hd graphics 520processor speed2,32 gb,1 tb
1122,US $279.00,certified - refurbishedcertified - refurbished,hp,1.30 GHz,ssd (solid state drive)item width,8,15.6,windows 11 homefeaturesbluetooth,intel core i5 12th gen,intel iris xe graphicsprocessor speed1,256 gb,256 gb
1126,US $234.99,excellent - refurbishedexcellent - refurbished,lenovo,1.70 GHz,ssd (solid state drive),16,14,windows 11 profeatures10,intel core i5 8th gen,intel uhd graphicsprocessor speed1,500 gb,500 gb
1144,US $234.13,certified - refurbishedcertified - refurbished,hp,1.80 GHz,ufs (universal flash storage)upc,4,15.6,windows 11 home in s modestorage typeufs,intel n100screen size15,intel uhd graphicsprocessor speed1,128 gb,128 gb
1146,US $603.57,newnew,hp,5.10 GHz,hdd,32,15.6,windows 11 profeaturesbacklit keyboard,intel core i7 10th gen,nvidia quadro t2000upgraderam,1 tb,512 gb
1156,US $249.99,excellent - refurbishedexcellent - refurbished,dell,1.9 GHz,ssd (solid state drive)item weight,16,14,windows 11 prohard drive capacity256gbfeaturesbluetooth,intel core i7 8th gen,intel uhd graphics 620release year2020manufacturer warrantyone yearitem height0,256 gb,256 gb
1158,US $549.99,very good - refurbishedvery good - refurbished,dell,4.20 GHz,ssd (solid state drive)free expedited fedex,64,15.6,windows 11 prohard drive capacity1 tboptional overnight shippingselect this 1-day shipping service at checkoutscreen size15,intel core i7 8th gen,nvidia geforce mx130getting started with your laptopessential setup guide included in the box,1 tb,1 tb
1162,US $249.99,good - refurbishedgood - refurbished,hp,2.30 GHz,ssd (solid state drive),16,15.6,windows 10 profeaturesbuilt-in microphone,intel core i5 6th gen,intel hd graphicsprocessor speed2,16 gb,1 tb
1192,US $549.00,newnew,dell,5.00 GHz,ssd (solid state drive),32,15.6,windows 11 profeaturesbluetooth,intel core i7 13th gen,intel iris xe graphicsprocessor speed5,1 tb,1 tb
1196,US $338.00,very good - refurbishedvery good - refurbished,panasonic,2.70 GHz,ssd (solid state drive),8,10.1,windows 11 prostorage typessd,intel core i5-7300uscreen size10,intel hd graphicsprocessor speed2,512 gb,512 gb
1220,US $399.99,excellent - refurbishedexcellent - refurbished,lenovo,1.90 GHz,ssd (solid state drive)item width,32,14,windows 11 profeaturesbluetooth,intel core i7 8th gen,intel uhd graphics 620processor speed1,1 tb,1 tb
1222,US $79.99,good - refurbishedgood - refurbished,lenovo,1.60 GHz,emmc,4,11.6,chrome oshard drive capacity16 gbfeaturesbluetooth,intel celeron nscreen size11,intel hd graphics 400processor speed1,16 gb,16 gb
1246,US $169.99,newnew,hp,3.7 GHz,ufs (universal flash storage)upcnot applicable,4,14,chrome osstorage typeufs,intel processor nscreen size14 ingraphics processing typeintegrated,intel uhd graphicsprocessor speed3,128 gb,128 gb
1270,US $249.00,open boxopen box,hp,4.4 GHz,ssd (solid state drive),16,15.6,windows 11 homefeaturesbluetoothstorage typessd,intel core i3-1215uscreen size15,intel uhd graphicsprocessor speed4,512 gb,512 gb
1278,US $315.99,good - refurbishedgood - refurbished,lenovo,2.80 GHz,ssd (solid state drive)colorgreenmaximum resolution,12,14,windows 11 homessd capacity512 gbfeaturesbluetooth,intel core i7 11th gen,intel iris xe graphicstypenotebook,512 gb,512 gb
1292,US $289.99,excellent - refurbishedexcellent - refurbished,dell,2.60 GHz,ssd (solid state drive),32,15.6,windows 11 profeatureswi-fihard drive capacity512 gbstorage typessd,i5-7200uscreen size15,intel uhd graphics 520processor speed2,512 gb,512 gb
1296,US $638.88,newnew,hp,4.60 GHz,ssd (solid state drive)upc,16,15.6,windows 11 homestorage typessd,intel core i5 13th gen,nvidia geforce rtx 4050processor speed4,512 gb,512 gb
1306,US $219.99,excellent - refurbishedexcellent - refurbished,lenovo,2.40 GHz,ssd (solid state drive)country,12,14,windows 11 profeatureswebcam,intel core i5 6th gen,intel hd graphics 520processor typeintel core i5processor speed2,512 gb,512 gb
1312,US $149.95,newnew,hp,1.1 GHz,emmcitem weight,4,14,chrome oshard drive capacity32 gbstorage typeemmcitem weight3,intel celeron nscreen size14 ingraphics processing typeintegrated,intel uhd graphicsprocessor speed1,32 gb,32 gb
1326,US $16.50,open boxopen box,lenovo,1.10 GHz,emmc,4,11.6,chrome osfeaturestouchscreen,intel celeron nscreen size11,intel uhd graphics 600processor speed1,32 gb,32 gb
1346,US $557.07,newnew,hp,4.40 GHz,ssd (solid state drive)upcdoes not apply,16,15.6,windows 11 homefeaturesbacklit keyboard,intel core i5 12th gen,nvidia geforce rtx 3050upgraderam,512 gb,512 gb
1350,US $529.17,newnew,hp,4.40 GHz,ssd (solid state drive)upcdoes not apply,8,15.6,windows 11 homefeaturesbacklit keyboard,intel core i5 12th gen,nvidia geforce rtx 3050processor speed4,512 gb,512 gb
1360,US $603.57,newnew,hp,5.10 GHz,hdd,32,15.6,windows 10 profeaturesbacklit keyboard,intel core i7 10th gen,nvidia quadro t2000upgraderam,1 tb,512 gb
1368,US $370.49/ea,good - refurbishedgood - refurbished,dell,1.70 GHz,ssd (solid state drive),16,14,windows 11 profeaturesbluetooth,intel core i7 12th gen,intel uhd graphicsprocessor speed1,256 gb,256 gb
1378,US $199.99,very good - refurbishedvery good - refurbished,dell,3.30 GHz,ssd (solid state drive)typechromebookupc,8,14,chrome osprocessorintel core i5 12th gen,intel core i5 12th gen,intel iris xe graphicsgraphics processing typeintegrated,256 gb,256 gb
1382,US $69.99,good - refurbishedgood - refurbished,lenovo,1.6 GHz,emmc,4,11.6,chrome osfeaturesbluetooth,intel celeron nscreen size11,intel hd graphicsprocessor speed1,16 gb,16 gb
1388,US $485.99,excellent - refurbishedexcellent - refurbished,lenovo,2.30 GHz,ssd (solid state drive)release year,16,15,windows 11 profeaturesbacklit keyboard,intel core i7 11th gen,nvidia t600typenotebook,512 gb,512 gb
1398,US $675.99,excellent - refurbishedexcellent - refurbished,lenovo,3.20 GHz,ssd (solid state drive)release year,16,14,windows 11 prossd capacity512 gbfeaturesbacklit keyboard,amd ryzen 5 pro 8000 seriesmodellenovo thinkpad t14operating systemwindows 11 prossd capacity512 gbfeaturesbacklit keyboard,amd radeon graphicstypenotebook,512 gb,512 gb
1410,US $265.99,very good - refurbishedvery good - refurbished,lenovo,2.30 GHz,ssd (solid state drive)colorblackmaximum resolution,8,14,windows 11 profeaturesbacklit keyboard,amd ryzen 5modellenovo thinkpad x13 gen 2operating systemwindows 11 profeaturesbacklit keyboard,amd radeon graphicstypenotebook,256 gb,256 gb
1422,US $329.00,certified - refurbishedcertified - refurbished,lenovo,2.00 GHz,ssd (solid state drive)item width,16,15.6,windows 11 homefeaturestouchscreenstorage typessd,amd ryzen 5screen size15,amd radeon graphicsprocessor speed2,512 gb,512 gb
1426,US $419.99/ea,excellent - refurbishedexcellent - refurbished,lenovo,1.80 GHz,ssd (solid state drive),16,13,windows 11 profeaturesltehard drive capacity256 gbstorage typessd,intel core i7 8th gen,intel uhd graphics 620processor speed1,256 gb,256 gb
1436,US $611.99,newnew,lenovo,1.70 GHz,ssd (solid state drive)item width,16,16,windows 11 homefeaturestouchscreen,intel core i7 12th gen,intel iris xe graphicsprocessor speed1,1 tb,1 tb
1450,US $287.77,open boxopen box,hp,2.60 GHz,ssd (solid state drive),4,17.3,windows 11 homestorage typessd,intelscreen size17,intel uhd graphicsprocessor speed2,128 gb,128 gb
1460,US $429.99,good - refurbishedgood - refurbished,lenovo,2.60 GHz,ssd (solid state drive),16,15.6,windows 10 profeaturesbuilt-in microphone,intel core i7 10th gen,nvidia geforce 1650 tiprocessor speed2,256 gb,256 gb
1462,US $569.99,newnew,hp,2.00 GHz,ssd (solid state drive)upc,8,15.6,windows 11featureswi-fistorage typessd,intel core i5-12450hscreen size15,nvidia geforce rtx 3050processor speed2,512 gb,512 gb
1472,US $269.99/ea,very good - refurbishedvery good - refurbished,lenovo,2.60 GHz,ssd (solid state drive)hardware connectivitythunderbolt,20,14,editionprofessionaltypenotebook,intel core i7 6th gen,intel hd graphics 520processor speed2,500 gb,500 gb
1474,US $239.99,excellent - refurbishedexcellent - refurbished,dell,2.40 GHz,ssd (solid state drive)item weight,16,15.6,windows 11 profeatureswi-fiitem width16in,intel core i5 6thgraphics processing typeintegrated,intel hd graphicsrelease year2016item height4in,500 gb,500 gb
1504,US $575.74,newnew,hp,4.70 GHz,ssd (solid state drive)item width,16,15.6,windows 11 homefeaturestouchscreenstorage typessd,intel core i7 12th gen,intel iris xe graphicsprocessor speed4,512 gb,512 gb
1506,US $489.99,very good - refurbishedvery good - refurbished,dell,4.20 GHz,ssd (solid state drive)free expedited fedex,32,14,windows 11 prohard drive capacity1 tboptional overnight shippingselect this 1-day shipping service at checkoutscreen size14 inram size32 gbcolorblackmicrosoft office30 day trial to microsoft office 365same day shipping,intel core i7 8th gen,intel uhd graphics 620getting started with your laptopessential setup guide included in the box,1 tb,1 tb
1508,US $279.47,open boxopen box,dell,2.30 GHz,ssd (solid state drive),16,14,windows 11 prohard drive capacity1 tbfeaturesbuilt-in webcam,intel core i7-6600uscreen size14 ingraphics processing typeintegrated,intel hd graphics 520processor speed2,1 tb,1 tb
1514,US $256.98,open boxopen box,dell,2.60 GHz,ssd (solid state drive)country,16,14,windows 11 profeaturesbacklit keyboard,intel core i7-6600uscreen size14 ingraphics processing typeintegrated,intel hd graphicsprocessor speed2,512 gb,512 gb
1526,US $239.95/ea,newnew,hp,1.10 GHz,ssd (solid state drive)item width,4,15.6,windows 10featuresbluetooth,intel pentium n-seriesscreen size15,intel uhd graphics 605processor speed1,128 gb,128 gb
1532,US $449.99,very good - refurbishedvery good - refurbished,asus,2.30 GHz,ssd (solid state drive)colorblackmaximum resolution,16,15,windows 11 homefeaturesbluetooth,amd ryzen 7 pro 3000 seriesmodelrog zephyrus g15 ga502 15,nvidia geforce gtx 1660 tihard drive capacity512 gbstorage typessd,512 gb,512 gb
1538,US $239.00,very good - refurbishedvery good - refurbished,dell,4.40 GHz,nvme (non,16,14,windows 11 profeaturesbluetooth,i5-10310uscreen size14 incolorsilverram size16 gbssd capacity512 gbmost suitable forcasual computing,intel hd graphics 620processor speed4,512 gb,512 gb
1552,US $510.00,newnew,hp,2.30 GHz,ssd (solid state drive),16,16,windows 11 profeatures10,intel core i7 11th gen,nvidia geforce rtx 3070processor speed2,35 gb,1 tb
1568,US $359.99/ea,excellent - refurbishedexcellent - refurbished,dell,1.90 GHz,ssd (solid state drive),32,14,windows 11 profeatures10,intel core i7 8th gen,intel hd graphics 620processor speed1,1 tb,1 tb
1576,US $59.99,good - refurbishedgood - refurbished,lenovo,2.10 GHz,emmccountry,4,11.6,chrome oshard drive capacity32gbstorage typeemmccountry,mediatekscreen size11,intelprocessor speed2,32 gb,32 gb
1584,US $255.00,usedused,dell,4.80 GHz,ssd (solid state drive),32,14,windows 11 profeaturesbacklit keyboard,intel core i7 12th gen,intel uhd graphicsprocessor speed4,1 tb,1 tb
1610,US $199.99,excellent - refurbishedexcellent - refurbished,dell,1.70 GHz,ssd (solid state drive)upcdoes not apply,16,14,windows 11 prohard drive capacity512 gbstorage typessd,intel core i5 8th gen,intel uhd graphics 620processor speed1,512 gb,512 gb
1614,US $399.99,excellent - refurbishedexcellent - refurbished,lenovo,4.80 GHz,ssd (solid state drive)product linethinkpadupcdoes not apply,16,14,windows 11 profeaturesbacklit keyboard,intel core i7 11th gen,integrated intel,1 tb,1 tb
1624,US $149.00,newnew,hp,1.60 GHz,emmcitem width,4,14,chrome oshard drive capacity32 gbfeaturestouchscreen,amd a4-9120cscreen size14 ingraphics processing typeintegrated,amd radeon r4processor speed1,32 gb,32 gb
1636,US $273.00,very good - refurbishedvery good - refurbished,dell,2.00 GHz,ssd (solid state drive),8,14,windows 10 profeaturesbacklit keyboard,intel core i5 4th gen,intel hd graphicsprocessor speed2,512 gb,512 gb
1654,US $329.99/ea,excellent - refurbishedexcellent - refurbished,dell,1.90 GHz,ssd (solid state drive),32,14,windows 11 profeatures10,intel core i7 8th gen,intel hd graphics 620processor speed1,1 tb,1 tb
1660,US $428.95,newnew,hp,1.80 GHz,ssd (solid state drive),8,15.6,windows 11 homefeaturesbluetooth,amd ryzen 7screen size15,amd radeon graphicsprocessor speed1,512 gb,512 gb
1672,US $594.27,newnew,hp,4.50 GHz,ssd (solid state drive),32,15.6,windows 11 profeaturesbluetooth,amd ryzen 7 7000 seriesscreen size15,amd radeon graphicsupgraderam,512 gb,1 tb
1674,US $139.99,certified - refurbishedcertified - refurbished,hp,1.10 GHz,emmcitem width,4,14,windows 10 sfeaturesbluetooth,intel celeron nscreen size14 ingraphics processing typeintegrated,intel uhd graphics 600processor speed1,64 gb,64 gb
1686,US $44.95,usedused,hp,2.20 GHz,hdd (hard disk drive)item weight,4,14.1,windows 7hard drive capacity320 gbitem width13,amd turion ll dual core m500graphics processing typeintegrated,ati radeon hd 4200release year2009item height9,320 gb,320 gb
1700,US $129.99,open boxopen box,hp,1.10 GHz,emmcupc,4,14,chrome osstorage typeemmcupc0195908935742,intel celeron nscreen size14 ingraphics processing typeintegrated,intel uhd graphics 600processor speed1,64 gb,64 gb
1716,US $319.99,open boxopen box,lenovo,1.30 GHz,ssd (solid state drive)item weight,8,15.6,windows 11 homeitem width9,intel core i5 12th gen,intel iris xe graphicsitem height0,256 gb,256 gb
1724,US $101.00,open boxopen box,lenovo,1.10 GHz,emmccountry,4,11.6,windows 10featuresbluetooth,intel celeron n5100screen size11,intel uhd graphicsprocessor speed1,128 gb,128 gb
1726,US $309.99,newnew,hp,1.10 GHz,ssd (solid state drive)item width,4,15.6,editionhomeseriesnotebookhard drive capacity128 gbupc0194850318610processorintel pentium n-seriesscreen size15,intel pentium n-seriesscreen size15,intel uhd graphics 605processor speed1,128 gb,128 gb
1760,US $69.99,good - refurbishedgood - refurbished,lenovo,2.00 GHz,ssd (solid state drive)ram size,4,11.6,chrome osprocessor speed2,mediatek mt8173screen size11,mediatek mt8173storage typessd,32 gb,32 gb
1766,US $99.99,very good - refurbishedvery good - refurbished,hp,2.50 GHz,ssd (solid state drive),8,14,windows 10featureswi-fihard drive capacity128 gbcountry,intel core i5 4th gen,intel hd graphicsprocessor speed2,128 gb,250 gb
1784,US $460.00,newnew,asus,2.50 GHz,ssd (solid state drive),8,14,windows 11 homefeaturesbluetooth,intel core i5 12th gen,intel iris xe graphicsprocessor speed2,512 gb,512 gb
1794,US $217.98,open boxopen box,dell,3.60 GHz,ssd (solid state drive)country,16,14,windows 11 profeaturesbacklit keyboard,intel core i5 8th gen,intel hd graphics 620processor speed3,512 gb,512 gb
1796,US $154.99,good - refurbishedgood - refurbished,lenovo,1.20 GHz,ssd (solid state drive)cationthis listing will not come with a chargeritem width,8,14,windows 11 homefeaturesbluetooth,intel core i3 12th gen,intel uhd graphicsprocessor speed1,256 gb,256 gb
1804,US $449.99,excellent - refurbishedexcellent - refurbished,lenovo,1.90 GHz,ssd (solid state drive),24,14,windows 11 profeaturestouchscreenhard drive capacity1 tbstorage typessd,intel core i7 8th gen,nvidia geforce mx150processor speed1,1 tb,1 tb
1806,US $259.99,certified - refurbishedcertified - refurbished,lenovo,1.90 GHz,ssd (solid state drive)release year,16,13,windows 10 prossd capacity512 gbgpuintel uhd graphicstypenotebook,intel core i7 8th genmodelx390operating systemwindows 10 prossd capacity512 gbgpuintel uhd graphicstypenotebook,intel uhd graphicstypenotebook,512 gb,512 gb
1808,US $565.00,open boxopen box,dell,3.40 GHz,ssd (solid state drive),16,13.3,windows 11 prohard drive capacity512 gbstorage typessd,intel core i7 13th gen,intel iris xe graphicsprocessor speed3,512 gb,512 gb
1824,US $399.99,excellent - refurbishedexcellent - refurbished,dell,1.90 GHz,ssd (solid state drive),32,15.6,windows 11 profeatures10,intel core i7 8th gen,intel uhd graphics 620processor speed1,1 tb,1 tb
1826,US $231.99,open boxopen box,dell,1.70 GHz,ssd (solid state drive),16,14,windows 11 profeaturesbacklit keyboard,intel core i5 8th gen,intel hd graphics 620processor speed1,512 gb,512 gb
1836,US $849.99,excellent - refurbishedexcellent - refurbished,lenovo,5.00 GHz,ssd (solid state drive)maximum resolution,32,16,windows 11 homehard drive capacity1 tbconnectivitydisplayport,intel core ult9,nvidia geforce rtx 4050processorintel core ult9,1 tb,1 tb
1856,US $279.47,open boxopen box,dell,2.30 GHz,ssd (solid state drive),32,14,windows 10 prohard drive capacity512 gbfeaturesbuilt-in webcam,intel core i7-6600uscreen size14 ingraphics processing typeintegrated,intel hd graphics 520processor speed2,512 gb,512 gb
1860,US $84.99,usedused,dell,2.16 GHz,hdd (hard disk drive),4,11.6,windows 11 homehard drive capacity500 gbfeaturesbuilt-in webcam,intel pentium n3540screen size11,intel hd graphicsprocessor speed2,500 gb,500 gb
1890,US $109.00,good - refurbishedgood - refurbished,hp,2.30 GHz,ssd (solid state drive),8,14,windows 10 profeatureswi-fihard drive capacity128 gbcountry,intel core i5 5th gen,intel hd graphicsprocessor speed2,128 gb,128 gb
1900,US $379.99,very good - refurbishedvery good - refurbished,lenovo,2.70 GHz,ssd (solid state drive)release year,16,15,windows 11 profeaturesbacklit keyboard,intel core i5 11th gen,nvidia t600typenotebook,512 gb,512 gb
1920,US $491.97,newnew,hp,4.50 GHz,ssd (solid state drive),16,15.6,windows 10 profeaturesbluetooth,amd ryzen 7 7000 seriesscreen size15,amd radeon graphicsprocessor speed4,512 gb,512 gb
1924,US $649.88,newnew,hp,1.90 GHz,ssd (solid state drive)upc,16,15.6,windows 11 homestorage typessd,intel core i5 13th gen,nvidia geforce rtx 4050processor speed1,512 gb,512 gb
1948,US $799.99,very good - refurbishedvery good - refurbished,dell,2.80 GHz,ssd (solid state drive)colorgraymaximum resolution,32,17,windows 11 profeaturesbluetooth,intel xeon,nvidia quadro rtx 5000hard drive capacity1 tbstorage typessd,1 tb,1 tb
1952,US $219.99,very good - refurbishedvery good - refurbished,lenovo,1.80 GHz,ssd (solid state drive)hardware connectivityusb,8,14,windows 11 profeatures10,intel core i7 8th gen,intel uhd graphics 620processor typeintel core i7 8th genprocessor speed1,512 gb,512 gb
1956,US $61.00,newnew,lenovo,1.20 GHz,ssd (solid state drive)upc,8,14,windows 11 homestorage typessd,intel core i3 12th gen,intel uhd graphicsprocessor speed1,256 gb,256 gb
1974,US $299.99/ea,excellent - refurbishedexcellent - refurbished,dell,1.90 GHz,ssd (solid state drive),16,14,windows 11 profeatures10,intel core i7 8th gen,intel hd graphics 620processor speed1,16 gb,512 gb
1976,US $299.99,certified - refurbishedcertified - refurbished,lenovo,1.90 GHz,ssd (solid state drive)release year,16,15.6,windows 10 prossd capacity256 gbgpuintel uhd graphicstypenotebook,intel core i7 8th genmodelt590operating systemwindows 10 prossd capacity256 gbgpuintel uhd graphicstypenotebook,intel uhd graphicstypenotebook,256 gb,256 gb
1988,US $649.99,excellent - refurbishedexcellent - refurbished,lenovo,2.60 GHz,ssd (solid state drive),64,15.6,windows 11 profeaturesbluetooth,i7-9750hscreen size15,nvida quadro t2000processor speed2,1 tb,1 tb
2006,US $289.98,newnew,hp,3.70 GHz,ssd (solid state drive)item width,8,14,windows 10storage typessd,intel core i3 11th gen,intel uhd graphicsprocessor speed3,256 gb,256 gb
2030,US $114.99,open boxopen box,lenovo,1.10 GHz,emmcitem weight,4,11.6,chrome osfeatures10,mediatek mt8173cgraphics processing typeintegrated,powervr gx6250release year2023item height0,64 gb,64 gb
2036,US $544.44,open boxopen box,lenovo,5.00 GHz,ssd (solid state drive)upcdoes not apply,16,16,windows 11 homefeaturesbacklit keyboard,intel core i7 13th gen,intel iris xe graphicsprocessor speed5,512 gb,512 gb
2076,US $259.99,certified - refurbishedcertified - refurbished,lenovo,1.90 GHz,ssd (solid state drive)release year,16,13,windows 10 prossd capacity512 gbgpuintel uhd graphicstypenotebook,intel core i7 8th genmodelx390operating systemwindows 10 prossd capacity512 gbgpuintel uhd graphicstypenotebook,intel uhd graphicstypenotebook,512 gb,512 gb
2084,AU $260.00,usedused,hp,1.60 GHz,hdd,8,15.6,win11featuresbuilt-in webcam,intel core i5 8th gen,intel uhd graphics 620processor speed1,1 tb,128 gb
2088,US $193.00,certified - refurbishedcertified - refurbished,hp,4.10 GHz,ssd (solid state drive)item width,8,15.6,windows 10 homehard drive capacity256 gbfeaturesbluetooth,intel core i3 11th gen,intel uhd graphicsprocessor speed4,256 gb,256 gb
2098,US $169.99,excellent - refurbishedexcellent - refurbished,lenovo,2.40 GHz,ssd (solid state drive)country,12,14,windows 11 profeatureswebcam,intel core i5 6th gen,intel hd graphics 520processor typeintel core i5processor speed2,256 gb,256 gb
2102,US $298.78,open boxopen box,lenovo,1.70 GHz,ssd (solid state drive),16,14,windows 11 profeaturesbacklit keyboard,intel core i5 8th gen,intel uhd graphicsprocessor speed1,500 gb,500 gb
2104,US $109.00,good - refurbishedgood - refurbished,hp,2.60 GHz,ssd (solid state drive)upcdoes not apply,8,13.3,windows 10 profeaturesbluetooth,intel core i5 3rd gen,intel hd graphicsprocessor speed2,250 gb,250 gb
2110,US $371.99/ea,excellent - refurbishedexcellent - refurbished,lenovo,1.7 GHz,ssd (solid state drive)maximum resolution,16,13.3,windows 10 protypenotebook,intel core i7 11th gen,intel uhd graphicsstorage typessd,512 gb,512 gb
2128,US $384.99,newnew,lenovo,1.20 GHz,ssd (solid state drive)upc,8,14,windows 11 homestorage typessd,intel core i3 12th gen,intel uhd graphicsprocessor speed1,256 gb,256 gb
2148,US $39.00,open boxopen box,lenovo,1.60 GHz,ssd (solid state drive)country,4,11.6,windows 10 prohard drive capacity128 gbitem width8,intel celeron ngraphics processing typeintegrated,intel hd graphicsrelease year2017item height0,128 gb,128 gb
2150,US $369.00,good - refurbishedgood - refurbished,lenovo,2.00 GHz,ssd (solid state drive)item width,16,14,windows 11 homefeaturestouchscreen,speed2,amd radeon graphicsbrandlenovoseriesflextypenotebook,512 gb,512 gb
2166,US $259.99,excellent - refurbishedexcellent - refurbished,dell,1.90 GHz,ssd (solid state drive)upcdoes not apply,32,14,windows 11 prohard drive capacity500 gbfeatureswi-fistorage typessd,core i5 8th genscreen size14 ingraphics processing typeintegrated,intel uhd graphics 620processor speed1,500 gb,500 gb
2168,US $109.99,very good - refurbishedvery good - refurbished,hp,2.80 GHz,emmcitem weight,64,14,windows 11 homestorage typeemmcitem weight3,intel celeronscreen size14 ingraphics processing typeintegrated,intel uhd graphics 600processor speed2,64 gb,64 gb
2172,US $149.99,open boxopen box,acer,1.10 GHz,emmc,4,15.6,chrome osfeaturesbluetooth,intel celeron nscreen size15,intel uhd graphics 600processor speed1,64 gb,64 gb
2178,US $359.99,excellent - refurbishedexcellent - refurbished,dell,1.60 GHz,ssd (solid state drive)item weight,32,14,windows 11 prohard drive capacity1 tbfeaturesbluetooth,intel core i7 8th gen,intel uhd graphics 620release year2020manufacturer warrantyone yearitem height0,1 tb,1 tb
2198,GBP 159.00,usedused,panasonic,2.60 GHz,ssd (solid state drive)maximum resolution,8,11.6,windows 10hard drive capacity256 gbrelease year2010brandpanasonicprocessor speed2,intel core i5 4th gen,intel hd graphicsprocessorintel core i5 4th gen,256 gb,256 gb
2200,US $169.99,good - refurbishedgood - refurbished,dell,2.50 GHz,ssd (solid state drive),32,14,windows 11 profeaturesbluetooth,intel core i5 9th gen,intel uhd graphics 630processor speed2,256 gb,256 gb
2214,US $299.99,excellent - refurbishedexcellent - refurbished,dell,4.10 GHz,ssd (solid state drive)customizable listingthis ad allows you to pick your ram,32,15.6,windows 10,intel core i5 8th gen,intel uhd graphics 620processor speed4,2 tb,2 tb
2216,US $319.99,excellent - refurbishedexcellent - refurbished,hp,2.60 GHz,ssd (solid state drive)upcdoes not apply,32,14,windows 11 profeatureswi-fihard drive capacity500 gbstorage typessd,intel core i7 8th gen,intel uhd graphics 620processor speed2,500 gb,500 gb
2218,US $248.00,newnew,dell,1.20 GHz,ssd (solid state drive)item weight,8,14,windows 10 sfeaturesbluetooth,intel core i5-1035g4screen size14 inram size8 gbcolorblackssd capacity256 gbitem length9,intel core i5 10th gen,256 gb,256 gb
2222,US $279.99,usedused,hp,2.40 GHz,nvme (non,16,15.6,windows 11 profeaturesbacklit keyboard,intel core i5 11th gen,intel iris xe graphicsprocessor speed2,512 gb,512 gb
2234,US $469.99/ea,excellent - refurbishedexcellent - refurbished,lenovo,1.90 GHz,ssd (solid state drive),32,15.6,windows 11 profeatures10,intel core i7 8th gen,nvidia quadro p2000processor speed1,512 gb,512 gb
2238,US $109.99,good - refurbishedgood - refurbished,dell,2.40 GHz,hdd (hard disk drive),4,14.1,windows 10featureswi-fistorage typehdd,modelintel core i5-m540manufacturer colorblackgpuintel hd graphicsrelease year2010manufacturer warrantynoneprocessorintel core i5 1st gen,intel hd graphicsrelease year2010manufacturer warrantynoneprocessorintel core i5 1st gen,250 gb,250 gb
2240,US $287.00,newnew,asus,2.40 GHz,ssd (solid state drive)upc,8,15.6,windows 11 homefeaturesbuilt-in webcamstorage typessd,amd ryzen 3screen size15,amd ryzen 3 7320uprocessor speed2,128 gb,128 gb
2242,US $692.75,newnew,asus,4.5 GHz,ssd (solid state drive)item width,8,15.6,windows 10 homefeaturesbluetooth,intel core i7-9750hscreen size15,nvidia geforce gtx 1650processor speed4,512 gb,512 gb
2246,US $455.55,open boxopen box,lenovo,4.70 GHz,ssd (solid state drive),8,16.0,windows 11featuresbacklit keyboard,intel core i7 12th gen,intel iris xe graphicsprocessor speed4,512 gb,512 gb
2252,US $299.98,open boxopen box,lenovo,1.60 GHz,ssd (solid state drive)upcdoes not apply,8,14,ebaywindows 11 proprocessor ebayintel core i5 8th gen,intel core i5 8th gen,intel uhd graphics 620operating system ebaywindows 11 proprocessor ebayintel core i5 8th gen,512 gb,512 gb
2256,US $89.99,very good - refurbishedvery good - refurbished,dell,2.26 GHz,hdd (hard disk drive),4,14.1,windows 10featuresbuilt-in microphonehard drive capacity250 gbcountry,intel core 2 duoscreen size14,intel hd graphicsprocessor speed2,250 gb,250 gb
2278,US $170.00,usedused,hp,2.24 GHz,hdd (hard disk drive),8,2,windows 11,intel core i5 2nd gen,intel hd graphicsprocessor speed2,18 gb,500 gb
2286,US $388.00,open boxopen box,lenovo,2.60 GHz,ssd (solid state drive)country,32,15.6,windows 10 profeatures10,intel core i7 7th gen,nvidia quadro m1000mrelease year2018item height0,2 tb,2 tb
2302,US $989.00,newnew,msi,2.40 GHz,ssd (solid state drive)upc,16,15.6,windows 11 homefeaturesbacklit keyboard,intel core i7 13thscreen size15,nvidia geforce rtx 4060processor speed2,1 tb,1 tb
2304,US $419.99,excellent - refurbishedexcellent - refurbished,lenovo,3.00 GHz,ssd (solid state drive),16,13,windows 11 profeaturesbluetooth,qualcomm snapdragon 8cx gen 3screen size13 ingraphics processing typeintegrated,qualcomm incorporated qualcomm adreno 8cx gen 3processor speed3,512 gb,512 gb
2316,US $278.00,newnew,dell,1.20 GHz,ssd (solid state drive)item weight,16,14,windows 10 s modefeaturesbluetooth,intel core i5-1035g4screen size14 inram size16 gbcolorblackssd capacity256 gbitem length9,intel core i5 10th gen,256 gb,256 gb
2318,US $299.56,open boxopen box,dell,2.30 GHz,ssd (solid state drive),32,14,windows 11 prohard drive capacity1 tbfeaturesbuilt-in webcam,intel core i7-6600uscreen size14 ingraphics processing typeintegrated,intel hd graphics 520processor speed2,1 tb,1 tb
2320,US $249.99,excellent - refurbishedexcellent - refurbished,lenovo,2.40 GHz,ssd (solid state drive)colorblackmaximum resolution,8,14,windows 11 profeaturesbluetooth,intel core i5 11th gen,intel iris xe graphicshard drive capacity256 gbstorage typessd,256 gb,256 gb
2334,US $212.16,certified - refurbishedcertified - refurbished,hp,1.10 GHz,ufs (universal flash storage)upc,8,15.6,chrome oshard drive capacity128gbstorage typeufs,intel core i3-n305screen size15,intel uhd graphicsprocessor speed1,128 gb,128 gb
2344,US $539.99,very good - refurbishedvery good - refurbished,dell,1.90 GHz,ssd (solid state drive)upcna,32,14,windows 11 prostorage typessd,intel core i7 8th gen,intel,256 gb,256 gb
2352,US $299.56,open boxopen box,dell,2.30 GHz,ssd (solid state drive),32,14,windows 10 prohard drive capacity1 tbfeaturesbuilt-in webcam,intel core i7-6600uscreen size14 ingraphics processing typeintegrated,intel hd graphics 520processor speed2,1 tb,1 tb
2364,US $565.55,open boxopen box,lenovo,5.00 GHz,ssd (solid state drive),16,16,windows 11featuresbacklit keyboard,intel core i7 13th gen,intel iris xe graphicsprocessor speed5,512 gb,512 gb
2368,US $999.99,excellent - refurbishedexcellent - refurbished,asus,2.40 GHz,ssd (solid state drive),16,16,windows 11 homefeaturesbacklit keyboard,intel core i7 13th gen,nvidia geforce rtx 4060processor speed2,512 gb,512 gb
2424,US $79.99,good - refurbishedgood - refurbished,lenovo,2.40 GHz,emmc,4,11.6,chrome oshard drive capacity32 gbfeaturesbluetooth,intel celeron nscreen size11,intel hd graphicsprocessor speed2,32 gb,32 gb
2428,US $245.99,good - refurbishedgood - refurbished,lenovo,1.90 GHz,ssd (solid state drive)colorblackmaximum resolution,16,14,windows 11 profeaturesbluetooth,intel core i7 8th gen,intel uhd graphics 620hard drive capacity512 gbstorage typessd,512 gb,512 gb
2438,US $412.22,newnew,lenovo,1.70 GHz,ssd (solid state drive)sku,16,14,windows 11 profeaturesbluetooth,intel core i7 12th gen,intel iris xe graphicsrelease year2023item height1operating systemwindows 11 profeaturesbluetooth,512 gb,512 gb
2456,US $259.99,certified - refurbishedcertified - refurbished,lenovo,1.60 GHz,ssd (solid state drive)release year,16,13,windows 10 prossd capacity512 gbgpuintel uhd graphicstypenotebook,intel core i5 8th genmodelx390operating systemwindows 10 prossd capacity512 gbgpuintel uhd graphicstypenotebook,intel uhd graphicstypenotebook,512 gb,512 gb
2462,US $599.99/ea,good - refurbishedgood - refurbished,dell,2.40 GHz,ssd (solid state drive),32,15.6,windows 11 profeaturesbacklit keyboard,intel core i9 10th gen,nvidia quadro t2000processor speed2,256 gb,256 gb
2466,US $299.88,newnew,dell,2.50 GHz,ssd (solid state drive)upc,8,15.6,windows 10 profeaturesbacklit keyboard,i5-9400hscreen size15,nvidia geforce mx150processor speed2,256 gb,256 gb
2470,US $214.99,good - refurbishedgood - refurbished,dell,1.30 GHz,ssd (solid state drive)release year,12,15,windows 11 homefeaturesbluetooth,intel core i7 10th gen,intel iris plus graphics g7typenotebook,256 gb,256 gb
2472,US $576.00,certified - refurbishedcertified - refurbished,hp,3.40 GHz,ssd (solid state drive),12,17.3,windows 11 homefeaturestouchscreen,intel core i7 12th gen,intel iris xe graphicsprocessor speed3,512 gb,512 gb
2476,US $536.98,open boxopen box,hp,2.80 GHz,ssd (solid state drive)country,32,15.6,windows 11 prohard drive capacity1 tbfeaturesbacklit keyboard,i7-1165g7screen size15,intel iris xe graphicsprocessor speed2,1 tb,1 tb
2482,US $259.99,very good - refurbishedvery good - refurbished,hp,1.60 GHz,ssd (solid state drive),16,14,windows 11 prohard drive capacity512 gbstorage typessd,intel core i5 8th gen,intel uhd graphics 620processor speed1,512 gb,512 gb
2526,US $306.00,certified - refurbishedcertified - refurbished,asus,3.00 GHz,ssd (solid state drive)item width,8,15.6,windows 11 homefeaturesbluetooth,amd ryzen 5screen size15,amd radeon graphicsprocessor speed3,512 gb,512 gb
2528,US $419.99/ea,good - refurbishedgood - refurbished,dell,2.60 GHz,ssd (solid state drive)upc,32,15.6,windows 11 prohard drive capacity512 gbstorage typessd,intel core i7 11th gen,integrated graphicsprocessor speed2,512 gb,512 gb
2532,US $790.00,certified - refurbishedcertified - refurbished,asus,3.2 GHz,ssdcountry,16,15.6,windows 11hard drive capacity1 tbfeatures10,amd ryzen 7 6800hpart numberg513rm-ws74-rgraphics processing typededicated graphicsrefresh rate165 hzvideo inputs1 x hdmi 2,nvidia geforce rtx 3060 laptop gpuitem height1,1 tb,1 tb
2544,US $566.45,open boxopen box,lenovo,5.00 GHz,ssd (solid state drive),16,16,windows 11featuresbacklit keyboard,intel core i7 13th gen,intel iris xe graphicsprocessor speed5,1 tb,1 tb
2552,US $59.99,good - refurbishedgood - refurbished,dell,1.60 GHz,emmc,4,11.6,chrome osfeaturestouchscreen,intel celeronscreen size11,intel hd graphicsprocessor speed1,16 gb,32 gb
2556,US $239.99,good - refurbishedgood - refurbished,lenovo,1.80 GHz,ssd (solid state drive)colorblackmaximum resolution,16,14,windows 11 profeaturesbluetooth,intel core i7 8th gen,intel uhd graphics 620hard drive capacity512 gbstorage typessd,512 gb,512 gb
2562,US $239.99,very good - refurbishedvery good - refurbished,hp,4.10 GHz,ssd (solid state drive),16,14,windows 10 profeaturestouchscreenstorage typessd,intel core i5 8th gen,intel uhd graphics 620processor speed4,512 gb,512 gb
2566,US $549.99,open boxopen box,lenovo,2.90 GHz,ssd (solid state drive)colorgraymaximum resolution,16,16,windows 11 profeaturesbacklit keyboard,amd ryzen 5modellenovo thinkpad t16operating systemwindows 11 profeaturesbacklit keyboard,amd radeon graphicshard drive capacity512 gbstorage typessd,512 gb,512 gb
2592,US $91.99,open boxopen box,lenovo,2.05 GHz,emmcupcdoes not apply,4,11.6,chrome oshard drive capacity32 gbstorage typeemmcupcdoes not apply,mediatek mt8186screen size11,integratedprocessor speed2,32 gb,32 gb
2614,US $538.74,newnew,hp,1.30 GHz,ssd (solid state drive),8,14,windows 11 homefeaturesbacklit keyboard,intel core 5 series 1,intel graphicsprocessor speed1,512 gb,512 gb
2618,AU $578.00,very good - refurbishedvery good - refurbished,dell,2.7 GHz,ssd (solid state drive),32,14,windows 11 profeatures10,intel core i7 10th gen,nvidia geforce mx250processor speed2,512 gb,512 gb
2626,US $284.00,certified - refurbishedcertified - refurbished,lenovo,1.90 GHz,ssd (solid state drive)release year,16,14,windows 10 prossd capacity512 gbgpuintel uhd graphicstypenotebook,intel core i7 8th genmodelt490operating systemwindows 10 prossd capacity512 gbgpuintel uhd graphicstypenotebook,intel uhd graphicstypenotebook,512 gb,512 gb
2632,US $519.99,newnew,dell,3.50 GHz,ssd (solid state drive),16,15.6,windows 11 home in s modehard drive capacity1 tbfeaturestouchscreenstorage typessd,intel 12th generation core i7screen size15,intel iris xe graphicsprocessor speed3,1 tb,1 tb
2638,US $949.99,excellent - refurbishedexcellent - refurbished,acer,1.40 GHz,ssd (solid state drive)release year,16,14,windows 11 homessd capacity1 tbgpunvidia geforce rtx 4070featuresbluetooth,intel core ultra 7modelpredator helios neo 14 14,nvidia geforce rtx 4070featuresbluetooth,1 tb,1 tb
2644,US $399.00,newnew,hp,4.2 GHz,ssd (solid state drive)item width,8,13.3,windows 10featuresbluetooth,intel core i5 11th gen,intel uhd graphicsprocessor speed4,256 gb,256 gb
2648,US $849.00,open boxopen box,alienware,2.20 GHz,ssd (solid state drive),16,15.6,windows 10 homefeaturesbluetooth,intel core mscreen size15,nvidia geforce rtx 3070processor speed2,1 tb,1 tb
2700,US $349.99,very good - refurbishedvery good - refurbished,dell,2.9 GHz,ssd (solid state drive),32,15.6,windows 11 profeaturesbacklit keyboard,intel core i7 7th gen,m2200processor speed2,800 gb,32 gb
2738,C $465.00,usedused,lenovo,2.10 GHz,ssd (solid state drive)country,40,14,editionwin 11 proseriesthinkpadaccessoriesoriginal ac power adaptertypenotebook,amd ryzen 5 pro 3500uscreen size14 ingraphics processing typededicated graphicsram size40 gbcolorblackmost suitable forcasual computing,amd radeon graphicsprocessor speed2,256 gb,256 gb
2746,US $169.00,certified - refurbishedcertified - refurbished,dell,1.60 GHz,ssd (solid state drive)release year,8,14,windows 10 prossd capacity128 gbgpuintel uhd graphics 620typenotebook,intel core i5 8th genmodel5400operating systemwindows 10 prossd capacity128 gbgpuintel uhd graphics 620typenotebook,intel uhd graphics 620typenotebook,128 gb,128 gb
2750,US $699.99,newnew,samsung,2.40 GHz,ssd (solid state drive),8,15.6,windows 10 homefeaturesbluetooth,intel core i5 11th gen,intel iris xe graphicsprocessor speed2,512 gb,512 gb
2752,US $398.99,very good - refurbishedvery good - refurbished,dell,3.60 GHz,ssd (solid state drive)free expedited fedex,16,14,windows 11 prohard drive capacity512 gboptional overnight shippingselect this 1-day shipping service at checkoutscreen size14 inram size16 gbcolorblackmicrosoft office30 day trial to microsoft office 365same day shipping,intel core i5 8th gen,intel uhd graphics 620getting started with your laptopessential setup guide included in the box,512 gb,512 gb
2778,US $650.00,newnew,lenovo,5.00 GHz,ssd (solid state drive)item weight,16,16,windows 11 profeaturesbacklit keyboard,intel core i7 13th gen,intel iris xe graphicsitem height,512 gb,512 gb
2780,US $719.99,excellent - refurbishedexcellent - refurbished,lenovo,1.80 GHz,ssd (solid state drive),32,13,windows 11 profeaturesbluetooth,intel core i7 13th gen,intel iris xe graphicsprocessor speed1,512 gb,512 gb
2794,US $899.99,excellent - refurbishedexcellent - refurbished,lenovo,1.70 GHz,ssd (solid state drive)release year,16,16,windows 11 profeaturesbacklit keyboard,intel core ultra 7modellenovo thinkpad t16 gen 3operating systemwindows 11 profeaturesbacklit keyboard,intel hd graphicstypenotebook,512 gb,512 gb
2832,US $315.00,open boxopen box,asus,1.3 GHz,ssd (solid state drive),8,17.3,windows 11 homehard drive capacity512 gbstorage typessd,i3-1215uscreen size17,intel iris xe graphicsprocessor speed1,512 gb,512 gb
2840,US $959.00,newnew,dell,4.7 GHz,ssd (solid state drive)upc,16,16,windows 11 homehard drive capacity512 gbfeatureswi-fi,i7-12700hscreen size16 ingraphics processing typededicated graphicsram size16 gbcolorblackmpng16 7620most suitable forcasual computingssd capacity512 gbgpunvidia geforce rtx 3050 tiprocessor speed4,nvidia geforce rtx 3050 tiprocessor speed4,512 gb,512 gb
2852,US $85.44/ea,good - refurbishedgood - refurbished,lenovo,2.60 GHz,emmcram size,4,11.6,chrome osgraphics processing typeintegrated,speed2,intel hd graphicsitem length7,32 gb,32 gb
2870,US $999.99,excellent - refurbishedexcellent - refurbished,dell,3.30 GHz,ssd (solid state drive)upcdoes not apply,8,12,windows 11 prohard drive capacity256 gbnon-domestic productnoscreen size12 inram size8 gbdell warranty expiration1-15-2027colorblackmodified itemnoprocessor speed3,intel core i3 12th gen,intel iris xe graphicsrelease year2023featuresruggedoperating systemwindows 11 prohard drive capacity256 gbnon-domestic productnoscreen size12 inram size8 gbdell warranty expiration1-15-2027colorblackmodified itemnoprocessor speed3,256 gb,256 gb
2888,US $499.99,very good - refurbishedvery good - refurbished,dell,2.20 GHz,ssd (solid state drive)item weight,64,15.6,windows 10 prohard drive capacity64 gbitem width13,intel core i7 8th gengraphics processing typededicated graphicsmpn7530ssd capacity1 tbitem length9,nvidia quadro p1000 with 4gb gddr5 dedicated memoryrelease year2018manufacturer warranty2 year warranty from allstate,64 gb,1 tb
2902,US $289.99,excellent - refurbishedexcellent - refurbished,dell,1.9 GHz,ssd (solid state drive),16,14,windows 11 prohard drive capacity512 gbfeatureswi-fistorage typessd,intel core i7 8th gen,intel uhd graphics 620processor speed1,512 gb,512 gb
2912,US $265.99,good - refurbishedgood - refurbished,lenovo,2.80 GHz,ssd,16,14,windows 11 prohard drive capacity256 gbstorage typessd,intel core i7 11th gen,integrated intel iris xe graphicsprocessor speed2,256 gb,256 gb
2932,US $99.99,for parts or not workingfor parts or not working,hp,2.00 GHz,hdd (hard disk drive)upcdoes not apply,4,15.6,windows 10 homehard drive capacity500 gbfeaturesbuilt-in microphone,amd a6 quad-corescreen size15,amd radeon graphicsprocessor speed2,500 gb,500 gb
2934,US $287.00,newnew,hp,2.60 GHz,ssd (solid state drive)item width,8,15.6,windows 10featuresbluetooth,amd ryzen 3screen size15,amd radeon graphicsprocessor speed2,256 gb,256 gb
2938,US $799.99,newnew,dell,4.70 GHz,ssd (solid state drive)item width,40,16,windows 11 homefeaturesbluetooth,intel core i7 12th gen,intel iris xe graphicsprocessor speed4,1 tb,1 tb
2942,US $46.99/ea,good - refurbishedgood - refurbished,lenovo,1.83 GHz,emmc,4,11.6,chrome osfeaturesruggedstorage typeemmc,intel celeron nscreen size11,intel hd graphicsprocessor speed1,16 gb,16 gb
2948,US $119.99,very good - refurbishedvery good - refurbished,dell,2.30 GHz,ssd (solid state drive),8,14,windows 10featuresbluetooth,intel core i7 5th gen,intel hd graphicsprocessor speed2,256 gb,256 gb
2962,US $239.00,open boxopen box,lenovo,3.00 GHz,ssd (solid state drive)item weight,12,14,windows 11 homestorage typessd,intel core i3 11th gen,intel uhd graphicsprocessor speed3,500 gb,500 gb
2976,US $650.07,newnew,hp,5.10 GHz,hdd,32,15.6,windows 11 profeaturesbacklit keyboard,intel core i7 10th gen,nvidia quadro t2000upgraderam,1 tb,1 tb
2988,US $379.99/ea,good - refurbishedgood - refurbished,dell,2.60 GHz,ssd (solid state drive)upc,16,15.6,windows 11 prohard drive capacity512 gbstorage typessd,intel core i7 11th gen,integrated graphicsprocessor speed2,512 gb,512 gb
2994,US $499.99,certified - refurbishedcertified - refurbished,dell,2.60 GHz,ssd (solid state drive)release year,32,15.6,windows 10 prossd capacity512 gbgpunvidia quadro t1000 w,intel core i7 9th genmodel5540operating systemwindows 10 prossd capacity512 gbgpunvidia quadro t1000 w,nvidia quadro t1000 w,512 gb,512 gb
3002,US $249.99,excellent - refurbishedexcellent - refurbished,dell,2.60 GHz,ssd (solid state drive)item weight,16,12.5,windows 11 profeatureswi-fistorage typessd,intel core i7 7th gen,intel hd graphics 620processor speed2,500 gb,500 gb
3018,US $699.95/ea,newnew,lenovo,1.70 GHz,ssd (solid state drive),16,14,windows 11 profeaturesbluetooth,intel core i7 13th gen,intel iris xe graphicsprocessor speed1,512 gb,512 gb
3050,US $21.95/ea,usedused,dell,1.10 GHz,ssd (solid state drive),4,11.6,chrome osfeaturesbluetooth,intel celeron nscreen size11,intel ultra hd graphics 600processor speed1,16 gb,16 gb
3056,US $249.99,excellent - refurbishedexcellent - refurbished,lenovo,1.70 GHz,ssd (solid state drive),16,14,windows 11 profeaturesbacklit keyboard,intel core i5 8th gen,intel uhd graphicsprocessor speed1,256 gb,256 gb
3070,US $239.99,certified - refurbishedcertified - refurbished,lenovo,1.70 GHz,ssd (solid state drive)release year,8,13,windows 10 prossd capacity256 gbgpuintel uhd graphicstypenotebook,intel core i5 10th genmodelx13operating systemwindows 10 prossd capacity256 gbgpuintel uhd graphicstypenotebook,intel uhd graphicstypenotebook,256 gb,256 gb
3074,US $631.47,newnew,hp,4.40 GHz,ssd (solid state drive)upcdoes not apply,32,15.6,windows 11 homefeaturesbacklit keyboard,intel core i5 12th gen,nvidia geforce rtx 3050upgraderam,512 gb,1 tb
3076,"AU $2,500.00",open boxopen box,msi,5.00 GHz,hdd,32,16,windows 11 profeatures10,i9screen size16 inram size32 gbmpn158973ssd capacity2 tbmost suitable forgaminggpunvidia geforce rtx 4090processor speed5,nvidia geforce rtx 4090processor speed5,2 tb,2 tb
3082,US $199.99,very good - refurbishedvery good - refurbished,dell,1.90 GHz,ssd (solid state drive),8,15.6,windows 10 profeatures10,intel core i7-8665ugraphics processing typeintegrated,intel uhd graphicsmanufacturer warrantynoneoperating systemwindows 10 profeatures10,256 gb,256 gb
3094,US $249.99,excellent - refurbishedexcellent - refurbished,hp,1.90 GHz,ssd (solid state drive)maximum resolution,16,13.3,windows 11 progpuintel uhd graphics 620hard drive capacity512 gbssd capacity512 gbfeaturesbluetooth,intel core i7-8650umodelhp elitebook 830 g5operating systemwindows 11 progpuintel uhd graphics 620hard drive capacity512 gbssd capacity512 gbfeaturesbluetooth,intel uhd graphics 620hard drive capacity512 gbssd capacity512 gbfeaturesbluetooth,512 gb,512 gb
3096,US $219.99/ea,good - refurbishedgood - refurbished,dell,2.40 GHz,ssd (solid state drive)upcdoes not apply,8,14,windows 10 profeaturesbacklit keyboard,intel core i5 6th gen,intel hd graphics 520processor speed2,512 gb,512 gb
3106,US $269.99,certified - refurbishedcertified - refurbished,dell,2.90 GHz,ssd (solid state drive)release year,16,14,windows 10 prossd capacity256 gbgpuintel uhd graphicstypenotebook,intel core i5 11th genmodel5421operating systemwindows 10 prossd capacity256 gbgpuintel uhd graphicstypenotebook,intel uhd graphicstypenotebook,256 gb,256 gb
3114,US $996.00,newnew,dell,5.2 GHz,ssd (solid state drive)item weight,16,15.6,windows 11 profeaturesbacklit keyboard,intel core i7 13th gen,nvidia rtx a500release year2023manufacturer warranty1 yearitem height0,512 gb,512 gb
3116,US $799.99,excellent - refurbishedexcellent - refurbished,samsung,1.80 GHz,ssd (solid state drive)colorgraymaximum resolution,16,15,windows 11 homefeaturesbluetooth,intel core 7modelgalaxy book4 360 15,intel hd graphicstypenotebook,512 gb,512 gb
3118,US $254.49,newnew,asus,1.20 GHz,ssd (solid state drive)upc,8,14,windows 11 home in s modehard drive capacity128 gbfeaturesbluetooth,intel core i3 12th gen,intel iris xe graphicsprocessor speed1,128 gb,128 gb
3126,US $849.99,certified - refurbishedcertified - refurbished,lenovo,1.40 GHz,ssd (solid state drive)release year,8,13,windows 10 prossd capacity512 gbgpuintegrated intel uhd graphicstypenotebook,intel core i5modelx1 fold g1operating systemwindows 10 prossd capacity512 gbgpuintegrated intel uhd graphicstypenotebook,integrated intel uhd graphicstypenotebook,512 gb,512 gb
3154,US $658.95,newnew,lenovo,2.10 GHz,ssd (solid state drive),16,15.6,windows 11 homefeaturesbluetooth,intel core i5 13th gen,nvidia geforce rtx 3050processor speed2,512 gb,512 gb
3162,US $269.99,excellent - refurbishedexcellent - refurbished,dell,1.6 GHz,ssd (solid state drive),32,14,windows 11 prohard drive capacity512gbfeatureswi-fistorage typessd,intel core i5 8th gen,intel uhd graphics 620processor speed1,512 gb,512 gb
3164,US $449.99,excellent - refurbishedexcellent - refurbished,lenovo,2.60 GHz,ssd (solid state drive)release year,32,15,windows 11 profeaturesbluetooth,intel core i7 9th gen,nvidia quadro t2000hard drive capacity256 gbstorage typessd,256 gb,256 gb
3176,US $249.47,open boxopen box,dell,2.30 GHz,ssd (solid state drive),16,14,windows 10 prohard drive capacity512 gbfeaturesbuilt-in webcam,intel core i7-6600uscreen size14 ingraphics processing typeintegrated,intel hd graphics 520processor speed2,512 gb,512 gb
3178,US $81.00,very good - refurbishedvery good - refurbished,asus,1.10 GHz,emmcitem width,8,14,chrome osstorage typeemmcitem width9 initem weight3,intel celeron nscreen size14 ingraphics processing typeintegrated,intel hd graphicsprocessor speed1,64 gb,64 gb
3192,GBP 419.00,usedused,hp,1.80 GHz,ssd (solid state drive),32,14,windows 11 prohard drive capacity512 gbcountry,intel core i7 10th gen,intel i7 10610uprocessor speed1,512 gb,512 gb
3204,US $567.49,newnew,asus,2.00 GHz,ssd (solid state drive)upc,16,16,windows 11 homefeaturesbacklit keyboard,amd ryzen 7 7730ugraphics processing typeintegrated,amd radeon graphicshard drive capacity1 tboperating systemwindows 11 homefeaturesbacklit keyboard,1 tb,1 tb
3232,US $419.99,newnew,hp,3.10 GHz,ssd (solid state drive),8,17.3,windows 11 home in s modefeaturestouchscreen,intel pentiumscreen size17,intel uhd graphics 600processor speed3,256 gb,256 gb
3242,US $79.00,very good - refurbishedvery good - refurbished,hp,2.50 GHz,emmc,4,14,chrome oshard drive capacity32 gbfeaturesbluetooth,amd a4 dual-corescreen size14 ingraphics processing typeintegrated,amd radeon r4 seriesmaximum resolution1366 x 768serieschromebookcountry,32 gb,32 gb
3246,US $279.99,very good - refurbishedvery good - refurbished,dell,2.50 GHz,ssd (solid state drive)upcdoes not apply,16,15.6,editionprofessionalrelease year2017operating systemwindows 11 profeatureswi-fihard drive capacity512 gbhardware connectivityusb 3,intel core i7 7th gengraphics processing typeintegrated,intel hd graphics 620operating system editionprofessionalrelease year2017operating systemwindows 11 profeatureswi-fihard drive capacity512 gbhardware connectivityusb 3,512 gb,512 gb
3254,US $389.99,excellent - refurbishedexcellent - refurbished,dell,2.30 GHz,ssd (solid state drive),32,15.6,windows 11 profeaturesbluetooth,intel core i5 10th gen,intel uhd graphicsprocessor speed2,512 gb,512 gb
3264,US $379.00,newnew,hp,3.30 GHz,ssd (solid state drive)item width,8,17.3,windows 11 homestorage typessd,intel i3-1215uscreen size17,intel uhd graphicsprocessor speed3,512 gb,512 gb
3274,US $859.00,newnew,lenovo,3.80 GHz,ssd (solid state drive),16,14,windows 11 profeaturesbluetooth,intel core i7 12th gen,intel iris xe graphicsprocessor speed3,512 gb,512 gb
3286,US $999.99,excellent - refurbishedexcellent - refurbished,lenovo,2.30 GHz,ssd (solid state drive),32,15.6,windows 11 profeaturesbacklit keyboard,intel core i9 9th gen,nvidia quadro rtx 4000processor speed2,1 tb,1 tb
3294,"C $1,290.00",open boxopen box,dell,4.80 GHz,ssd (solid state drive)country,32,14,windows 11 profeaturesbacklit keyboard,intel core i7 12th gen,intel iris xe graphicsprocessor speed4,256 gb,256 gb
3314,US $419.99,excellent - refurbishedexcellent - refurbished,dell,2.00 GHz,ssd (solid state drive)colorsilvermaximum resolution,8,14,windows 11 homefeaturesbluetooth,amd ryzen 5 7000 seriesmodelinspiron 7435,amd radeon graphicshard drive capacity512 gbstorage typessd,512 gb,512 gb
3316,US $299.99,excellent - refurbishedexcellent - refurbished,dell,1.70 GHz,ssd (solid state drive)upcdoes not apply,32,14,windows 11 prohard drive capacity1 tbstorage typessd,intel core i5 8th gen,intel uhd graphics 620processor speed1,1 tb,1 tb
3318,US $449.99,newnew,hp,2.10 GHz,ssd (solid state drive),16,14,windows 10 profeaturesbluetooth,max speed4,amd radeon graphicsprocessor speed2,512 gb,512 gb
3348,US $259.99,excellent - refurbishedexcellent - refurbished,lenovo,1.90 GHz,ssd (solid state drive)release year,16,13,windows 10 prossd capacity256 gbgpuintel uhd graphicstypenotebook,intel core i7 8th genmodelx390operating systemwindows 10 prossd capacity256 gbgpuintel uhd graphicstypenotebook,intel uhd graphicstypenotebook,256 gb,256 gb
3352,US $349.99/ea,excellent - refurbishedexcellent - refurbished,dell,1.90 GHz,ssd (solid state drive),32,14,windows 11 profeatureswi-fihard drive capacity500gbstorage typessd,intel core i7 8th gen,intel hd graphics 620processor speed1,500 gb,500 gb
3368,US $799.95,newnew,acer,4.50 GHz,ssd (solid state drive),16,14,windows 11 homefeaturesbluetooth,amd ryzen 7screen size14 ingraphics processing typededicated graphicscolorgrayram size16 gbmpnsfx14-42g-r607ssd capacity512 gbmost suitable forworkstation,nvidia geforce rtx 3050 tiprocessor speed4,512 gb,512 gb
3394,US $345.97,newnew,asus,1.10 GHz,ssd (solid state drive)upc,8,14,windows 11 home s modefeaturesbluetooth,intel core i3 11th gen,intel uhd graphicsprocessor speed1,256 gb,256 gb
3452,US $719.99,excellent - refurbishedexcellent - refurbished,dell,2.60 GHz,ssd (solid state drive)colorredmaximum resolution,32,15,windows 11 profeaturesbluetooth,intel core i7 9th gen,nvidia geforce rtx 2060hard drive capacity512 gbstorage typessd,512 gb,512 gb
3460,US $299.00,open boxopen box,lenovo,2.30 GHz,ssd (solid state drive)country,16,14,windows 10features10,amd ryzen7-5800ugraphics processing typeintegrated,amd radeon graphicsrelease year2021hard drive capacity512 gboperating systemwindows 10features10,512 gb,512 gb
3474,US $979.00,newnew,dell,5.2 GHz,ssd (solid state drive)item weight,16,14,windows 11 profeaturesbacklit keyboard,intel core i7 13th gen,nvidia rtx a500release year2023manufacturer warranty1 yearitem height0,512 gb,512 gb
3486,US $629.99,newnew,hp,1.90 GHz,ssd (solid state drive)upc,16,15.6,windows 11 homestorage typessd,intel core i5 13th gen,nvidia geforce rtx 4050processor speed1,512 gb,512 gb
3524,US $119.99,very good - refurbishedvery good - refurbished,hp,1.1 GHz,emmcitem width,4,14,windows 10featuresbluetooth,intel celeron nscreen size14 ingraphics processing typeintegrated,intel uhd graphicsprocessor speed1,64 gb,64 gb
3526,US $489.99,certified - refurbishedcertified - refurbished,hp,4.40 GHz,ssd (solid state drive)item weight,8,15.6,windows 11 homefeaturestouchscreen,intel core i5 12th gen,intel iris xe graphicsprocessor speed4,256 gb,256 gb
3542,C $319.00,usedused,lenovo,2.10 GHz,ssd (solid state drive)country,16,14,editionwin 11 proseriesthinkpadaccessoriesoriginal ac power adaptertypenotebook,amd ryzen 5 pro 3500uscreen size14 ingraphics processing typededicated graphicsram size16 gbcolorblackmost suitable forcasual computing,amd radeon graphicsprocessor speed2,256 gb,256 gb
3552,US $999.49,newnew,acer,3.90 GHz,ssd (solid state drive)upc,32,16,windows 11 homestorage typessd,intel core ultra 9 185hscreen size16 ingraphics processing typeintegrated,integrated intel arc graphicsprocessor speed3,1 tb,1 tb
3564,"US $1,049.49",newnew,msi,3.80 GHz,ssd (solid state drive)upc,32,15.6,windows 11 homefeaturesbacklit keyboard,amd ryzen 7 8845hsscreen size15,nvidia geforce rtx 4060processor speed3,1 tb,1 tb
3570,US $545.99,excellent - refurbishedexcellent - refurbished,lenovo,1.70 GHz,ssd (solid state drive)colorblackmaximum resolution,16,13,windows 11 homefeaturesbluetooth,intel core i7 12th gen,intel iris xe graphicstypenotebook,1 tb,1 tb
3580,US $549.99,excellent - refurbishedexcellent - refurbished,dell,2.30 GHz,ssd (solid state drive),32,15.6,windows 11 profeaturesbluetooth,intel core i7 1165g7screen size15,intel uhd graphicsprocessor speed2,1 tb,1 tb
3582,US $169.99,very good - refurbishedvery good - refurbished,dell,1.60 GHz,ssd (solid state drive),8,15.6,windows 10 profeaturesbluetooth,intel core i5 8th gen,intel kabylake graphicsrelease year2013manufacturer warrantynoneoperating systemwindows 10 profeaturesbluetooth,256 gb,256 gb
3588,US $550.00,certified - refurbishedcertified - refurbished,dell,3.20 GHz,ssd (solid state drive)release year,64,15.6,windows 10 prossd capacity512 gbgput1200 4 gibtypenotebook,intel xeonmodel7560operating systemwindows 10 prossd capacity512 gbgput1200 4 gibtypenotebook,t1200 4 gibtypenotebook,512 gb,512 gb
3594,US $145.00/ea,newnew,dell,1.10 GHz,emmcitem width,4,11.6,chrome oshard drive capacity32 gbfeaturestouchscreen,intel celeron nscreen size11,intel uhd graphics 600processor speed1,32 gb,32 gb
3628,US $345.00,certified - refurbishedcertified - refurbished,lenovo,1.90 GHz,ssd (solid state drive)release year,16,14,windows 10 prossd capacity256 gbgpuintel uhd graphics 620typenotebook,intel core i7 8th genmodelx1 gen 6operating systemwindows 10 prossd capacity256 gbgpuintel uhd graphics 620typenotebook,intel uhd graphics 620typenotebook,256 gb,256 gb
3636,US $599.99,good - refurbishedgood - refurbished,lenovo,2.60 GHz,hdd,16,15.6,windows 10 prohard drive capacity1 tbscreen size15,intel core i7-9750hgraphics processing typehybrid graphicsmpny545ssd capacity512 gbmost suitable forgaminggpunvidia geforce gtx 1660 tirelease year2019manufacturer warrantyn,nvidia geforce gtx 1660 tirelease year2019manufacturer warrantyn,1 tb,512 gb
3644,US $419.98,newnew,hp,2 GHz,ssd (solid state drive)upc,16,15.6,windows 11 profeaturesamd ryzen 7 7730u,amd ryzen 7screen size15,amd radeon graphicsprocessor speed2 ghz,1 tb,1 tb
3686,US $399.99,excellent - refurbishedexcellent - refurbished,lenovo,1.30 GHz,ssd (solid state drive)item width,8,17.3,windows 11 homefeaturesbluetooth,intel core i5 12th gen,intel iris xe graphicsprocessor speed1,512 gb,512 gb
3692,US $749.95,excellent - refurbishedexcellent - refurbished,hp,1.50 GHz,ssd (solid state drive)upc,16,16,windows 11 homefeatures10,intel core i5 13th gen,nvidia geforce rtx 4050processor speed1,512 gb,512 gb
3700,US $569.99,newnew,hp,2.00 GHz,ssd (solid state drive)upc,8,15.6,windows 11featureswi-fistorage typessd,intel core i5-12450hscreen size15,nvidia geforce rtx 3050processor speed2,512 gb,512 gb
3736,US $500.00,newnew,dell,2.90 GHz,ssd (solid state drive)country,8,15.6,windows 11 homehard drive capacity516 gbfeaturesbacklit keyboard,amd ryzen 5 4000 seriesscreen size15,amd radeon rxprocessor speed2,516 gb,512 gb
3752,US $64.99,open boxopen box,asus,1.10 GHz,emmcitem width,4,11.6,chrome oshard drive capacity32 gbfeaturesbluetooth,intel celeron n3350screen size11,intel hd graphicsprocessor speed1,32 gb,32 gb
3782,US $380.00,newnew,lenovo,4.50 GHz,ssd (solid state drive),16,14,ubuntuhard drive capacity512 gbitem width12,amd ryzen 7 7000 seriesmpn14abr8item length8,amd integrated radeon graphicsprocessor manufactureramdrelease year2024item height0,512 gb,512 gb
3806,US $999.99,excellent - refurbishedexcellent - refurbished,lenovo,2.40 GHz,m,64,15.6,windows 11 prostorage typem,intel core i9-10885hscreen size15,4gb 128-bit gddr6 nvidia quadro t2000processor speed2,1 tb,1 tb
3814,US $849.99,newnew,lenovo,3.00 GHz,ssd (solid state drive),16,14,windows 11 profeaturestouchscreen,intel core i7 11th gen,intel iris xe graphicsprocessor speed3,512 gb,512 gb
3826,US $479.99,very good - refurbishedvery good - refurbished,asus,2.00 GHz,ssd (solid state drive),16,17.3,windows 11 homefeaturesbuilt-in webcamstorage typessd,amd ryzen 7screen size17,amd radeon graphicsprocessor speed2,1 tb,1 tb
3836,US $179.95,newnew,asus,2.40 GHz,ssd (solid state drive)upc,4,14,windows 11hard drive capacity128 gbstorage typessd,amd ryzen 3screen size14 ingraphics processing typeintegrated,amd radeon graphicsprocessor speed2,128 gb,128 gb
3842,US $419.00,very good - refurbishedvery good - refurbished,lenovo,2.80 GHz,ssd (solid state drive),32,14,windows 11 prohard drive capacity512 gbstorage typessd,intel core i7 11th gen,intel iris xe graphicsprocessor speed2,512 gb,512 gb
3844,US $549.00,open boxopen box,lenovo,2.00 GHz,ssd (solid state drive),512,14,windows 11 homestorage typessd,amd ryzen 7screen size14 inram size512 gbssd capacity512 gbgpuamd radeon graphicsprocessor speed2,amd radeon graphicsprocessor speed2,512 gb,512 gb
3846,US $79.99/ea,very good - refurbishedvery good - refurbished,acer,1.10 GHz,emmc,4,11.6,chrome osfeaturestouchscreenstorage typeemmc,intel celeron nscreen size11,intel uhd graphics 600processor speed1,32 gb,32 gb
3858,"US $2,000.00",excellent - refurbishedexcellent - refurbished,dell,2.40 GHz,ssd (solid state drive)upcdoes not apply,32,14,windows 11 profeaturesruggedhard drive capacity2 tbnon-domestic productnoscreen size14 incolorblackram size32 gbdell warranty expiration9-10-2026processor speed2,intel core i5 11th gen,intel iris xe graphicsrelease year2022operating systemwindows 11 profeaturesruggedhard drive capacity2 tbnon-domestic productnoscreen size14 incolorblackram size32 gbdell warranty expiration9-10-2026processor speed2,2 tb,2 tb
3864,US $435.00,very good - refurbishedvery good - refurbished,dell,4.10 GHz,ssd (solid state drive)free expedited fedex,64,15.6,windows 11 prohard drive capacity1 tboptional overnight shippingselect this 1-day shipping service at checkoutscreen size15,intel core i5 8th gen,intel uhd graphicsgetting started with your laptopessential setup guide included in the box,1 tb,1 tb
3866,US $379.99,usedused,panasonic,1.20 GHz,ssd (solid state drive)country,8,10.1,windows 10 profeatures10,intel core i5 1,intel hd graphics 615processor speed1,256 gb,256 gb
3872,US $425.00,certified - refurbishedcertified - refurbished,dell,2.60 GHz,ssd (solid state drive)release year,16,15.6,windows 10 prossd capacity512 gbgpunvidia quadro,intel core i5 10th genmodel7550operating systemwindows 10 prossd capacity512 gbgpunvidia quadro,nvidia quadro,512 gb,512 gb
3886,US $599.99,newnew,asus,3.2 GHz,ssd (solid state drive),12,16,windows 11 homestorage typessd,speed3,amd radeon graphicsmaximum resolution1920 x 1200processor speed3,512 gb,512 gb
3892,"US $2,000.00",excellent - refurbishedexcellent - refurbished,dell,2.40 GHz,ssd (solid state drive)upcdoes not apply,32,14,windows 10 profeaturesruggedhard drive capacity2 tbnon-domestic productnoscreen size14 incolorblackram size32 gbdell warranty expiration9-10-2026processor speed2,intel core i5 11th gen,intel iris xe graphicsrelease year2022operating systemwindows 10 profeaturesruggedhard drive capacity2 tbnon-domestic productnoscreen size14 incolorblackram size32 gbdell warranty expiration9-10-2026processor speed2,2 tb,2 tb
3894,US $125.00,open boxopen box,acer,2.80 GHz,emmcupc,64,15.6,chrome oshard drive capacity64 gbcountry,intel processor nscreen size15,intel uhd graphicsprocessor speed2,64 gb,64 gb
3902,US $499.00,newnew,hp,4.40 GHz,ssd (solid state drive)item weight,16,15.6,windows 11 prohard drive capacity512 gbitem width14,intel core i5 12th gen,intel iris xe graphicsrelease year2024manufacturer warranty3 yearsitem height,512 gb,512 gb
3908,US $599.99,newnew,dell,4.60 GHz,ssd (solid state drive)item weight,16,15.6,windows 11 profeatures10,intel 13th generation core i5-1335uscreen size15,intel,256 gb,256 gb
3912,US $759.00/ea,newnew,dell,3.60 GHz,ssd (solid state drive)release year,16,14,windows 11 protypenotebook,intel ultra 5 135uscreen size14 inmodellatitude 5450operating systemwindows 11 protypenotebook,intel arc xe-lpg 64eustorage typessd,256 gb,256 gb
3914,US $449.99,excellent - refurbishedexcellent - refurbished,dell,3.0 GHz,ssd,16,14,windows 11 pro x64hard drive capacity1tbstorage typessd,intel core i5-1145g7screen size14 in,intel,1 tb,1 tb
3932,US $349.99/ea,newnew,hp,2.80 GHz,ssd (solid state drive)country,8,15.6,windows 11featuresfingerprint readerscreen size15,amd ryzen 5graphics processing typeintegrated,amd radeon graphicsrelease year2023manufacturer warranty3 monthsbios unlockedyeshard drive capacity256 gboperating systemwindows 11featuresfingerprint readerscreen size15,256 gb,256 gb
3950,US $499.00,newnew,hp,2.30 GHz,ssd (solid state drive)country,16,14,windows 10 profeaturesbluetooth,amd ryzen 5graphics processing typeintegrated,amd radeon graphicsrelease year2022manufacturer warrantynoneitem height0,256 gb,256 gb
3952,US $639.25,open boxopen box,dell,2.80 GHz,ssd (solid state drive)country,32,15,windows 11 profeaturesbacklit keyboard,intel xeonscreen size15 ingraphics processing typededicated graphicsram size32 gbmpnnassd capacity1 tbmost suitable forcasual computing,nvidia quadro t2000processor speed2,1 tb,1 tb
3972,US $679.99,newnew,dell,4.60 GHz,ssd (solid state drive)item width,8,14,windows 11 profeaturesbluetooth,intel core i5 13th gen,intel iris xe graphicsprocessor speed4,256 gb,256 gb
3990,US $643.95,open boxopen box,dell,2.10 GHz,ssd (solid state drive),16,14,windows 11 profeaturesbluetooth,intel ultra 5 135uscreen size14 ingraphics processing typeintegrated,intel,256 gb,256 gb
4000,US $299.00,newnew,asus,1.20 GHz,ssd (solid state drive)item weight,8,15.6,windows 11 homehard drive capacity256 gbitem width9,intel core i3 10th gen,intel hd graphics 5000item height0,256 gb,256 gb
4006,US $499.99,newnew,asus,1.80 GHz,ssd (solid state drive)item width,16,14,chrome oshard drive capacity256 gbfeaturestouchscreenstorage typessd,intel core i5 11th gen,intel iris xe graphicsprocessor speed1,256 gb,256 gb
4014,US $46.99,good - refurbishedgood - refurbished,hp,1.60 GHz,ssd (solid state drive),4,11.6,chrome osfeaturesbluetooth,intel celeronscreen size11,intel hd graphics 400processor speed1,16 gb,16 gb
4022,US $469.00,very good - refurbishedvery good - refurbished,dell,2.70 GHz,ssd (solid state drive),32,15,windows 11 prohard drive capacity1 tbstorage typessd,intel core i7 10th gen,nvidia quadro p620processor speed2,1 tb,1 tb
4030,US $315.99,newnew,hp,4.10 GHz,ssd (solid state drive)upc,8,15.6,windows 11 s modestorage typessd,intel core i3 12th gen,intel uhd graphicsprocessor speed4,256 gb,256 gb
4032,US $699.99,newnew,hp,1.90 GHz,ssd (solid state drive)upc,16,15.6,windows 11 h s modehard drive capacity1 tbstorage typessd,intel core i5 13th gen,nvidia geforce rtx 4050processor speed1,1 tb,1 tb
4040,US $394.99,excellent - refurbishedexcellent - refurbished,dell,3.00 GHz,ssd (solid state drive)release year,32,14,windows 11 prossd capacity256 gbgpuintel iris xe graphicsfeaturesbluetooth,intel core i7 11th gen,intel iris xe graphicsfeaturesbluetooth,256 gb,256 gb
4044,GBP 445.00,usedused,hp,3.00 GHz,ssd (solid state drive),512,14,windows 11 prohard drive capacity512 gbstorage typessd,intel core 11th gen i7-1185g7screen size14 ingraphics processing typenvidia geforce rtx 3050 4gb gddr6ram size512 gbmpn000000ssd capacity512 gbmost suitable forcasual computing,intel iris xe graphicsprocessor speed3,512 gb,512 gb
4052,US $749.99,very good - refurbishedvery good - refurbished,lenovo,1.80 GHz,ssd (solid state drive)colorblackmaximum resolution,32,13,windows 11 profeaturesbluetooth,intel core i7 13th gen,intel iris xe graphicshard drive capacity512 gbstorage typessd,512 gb,512 gb
4054,"US $1,079.99",excellent - refurbishedexcellent - refurbished,dell,1.70 GHz,ssd (solid state drive)upcdoes not apply,16,14,windows 10 profeaturesruggedhard drive capacity512 gbnon-domestic productnoscreen size14 incolorblackram size16 gbdell warranty expiration10-16-2024processor speed1,intel core i5 8th gen,intel uhd graphicsrelease year2021operating systemwindows 10 profeaturesruggedhard drive capacity512 gbnon-domestic productnoscreen size14 incolorblackram size16 gbdell warranty expiration10-16-2024processor speed1,512 gb,512 gb
4074,US $239.00/ea,newnew,asus,1.10 GHz,emmccountry,8,11.6,chrome osfeaturesbluetooth,intel celeron n5100graphics processing typeintegrated,intel uhd graphicsrelease year2023manufacturer warranty1 yearitem height0,32 gb,32 gb
4076,US $335.00,certified - refurbishedcertified - refurbished,hp,4.90 GHz,ssd (solid state drive),8,17.3,windows 11 homefeaturesbluetooth,intel core i5 12th gen,intel iris xe graphicsprocessor speed4,512 gb,512 gb
4092,US $999.99,excellent - refurbishedexcellent - refurbished,lenovo,1.40 GHz,ssd (solid state drive)colorblackmaximum resolution,16,14,windows 11 profeaturesbluetooth,intel core ultra 7modellenovo thinkpad p14s gen 5operating systemwindows 11 profeaturesbluetooth,nvidia rtx 500 ada generationhard drive capacity512 gbstorage typessd,512 gb,512 gb
4094,US $345.00,certified - refurbishedcertified - refurbished,lenovo,1.80 GHz,ssd (solid state drive)release year,16,14,windows 10 prossd capacity256 gbgpuintel uhd graphics 620typenotebook,intel core i7 8th genmodelx1 gen 6operating systemwindows 10 prossd capacity256 gbgpuintel uhd graphics 620typenotebook,intel uhd graphics 620typenotebook,256 gb,256 gb
4110,US $399.99,newnew,lenovo,2.40 GHz,ssd (solid state drive),8,15.6,windows 11 homefeaturesbluetooth,intel core i5 11th gen,intel iris xe graphicsprocessor speed2,512 gb,512 gb
4114,US $69.99,good - refurbishedgood - refurbished,hp,1.60 GHz,emmcitem width,4,14,chrome oshard drive capacity32 gbfeaturesbuilt-in webcam,amd a4 dual-corescreen size14 ingraphics processing typeintegrated,amd radeon r4 graphicsprocessor speed1,32 gb,32 gb
4146,US $319.47,open boxopen box,dell,1.90 GHz,ssd (solid state drive)upcdoes not apply,32,14,editionprofessionaltypeultrabookrelease year2019maximum resolution1920 x 1080 full hdmodeldell latitude 7490connectivitygigabit ethernet,intel core i5 8th gen,intel uhd graphics 620processor speed1,1 tb,1 tb
4152,US $74.99/ea,very good - refurbishedvery good - refurbished,acer,1.10 GHz,emmcitem width,4,11.6,chrome oshard drive capacity32 gbfeaturestouchscreen,intel celeron nscreen size11,intel uhd graphics 600processor speed1,32 gb,32 gb
4168,US $379.99,excellent - refurbishedexcellent - refurbished,dell,3.00 GHz,ssd (solid state drive)maximum resolution,16,13.3,windows 10 progpuintel iris xe graphicshard drive capacity512 gbssd capacity512 gbfeaturesbacklit keyboard,intel core i7-1185g7modeldell latitude 7320operating systemwindows 10 progpuintel iris xe graphicshard drive capacity512 gbssd capacity512 gbfeaturesbacklit keyboard,intel iris xe graphicshard drive capacity512 gbssd capacity512 gbfeaturesbacklit keyboard,512 gb,512 gb
4178,US $922.38,certified - refurbishedcertified - refurbished,lenovo,3.50 GHz,ssd (solid state drive)item weight,32,16,windows 11 homefeaturesbuilt-in microphonestorage typessd,intel core i7 12th gen,intel arc a370mprocessor speed3,1 tb,1 tb
4202,US $319.00,excellent - refurbishedexcellent - refurbished,lenovo,2.80 GHz,ssd (solid state drive)maximum resolution,16,14,windows 10 progpuintel hd graphics 620hard drive capacity512 gbssd capacity512 gbfeaturesbacklit keyboard,intel core i7-7600umodelthinkpad x1 carbon 5th genoperating systemwindows 10 progpuintel hd graphics 620hard drive capacity512 gbssd capacity512 gbfeaturesbacklit keyboard,intel hd graphics 620hard drive capacity512 gbssd capacity512 gbfeaturesbacklit keyboard,512 gb,512 gb
4262,US $229.99,open boxopen box,hp,1.10 GHz,emmcupc,4,14,chrome osfeaturestouchscreen,intel celeron nscreen size14 incolorblueram size4 gbmpn14a-ca0130wmssd capacity64 gbmost suitable forworkstation,intel uhd graphics 600processor speed1,64 gb,64 gb
4280,US $699.99,open boxopen box,lenovo,1.30 GHz,ssd (solid state drive)release year,16,14,windows 11 profeaturesbluetooth,intel core i5 13th gen,intel uhd graphicshard drive capacity512 gbstorage typessd,512 gb,512 gb
4294,US $425.00,newnew,hp,2.10 GHz,ssd (solid state drive)upc,8,17.3,windows 10featuresbluetooth,amd ryzen 5screen size17,amd radeon graphicsprocessor speed2,256 gb,256 gb
4316,US $524.34,certified - refurbishedcertified - refurbished,dell,2.80 GHz,hdd (hard disk drive),16,15.6,windows 11 homefeaturestouchscreen,intel core i7 11th gen,intel iris xe graphicsprocessor speed2,1 tb,1 tb
4318,US $239.00/ea,newnew,hp,3.4 GHz,emmcupc,4,11.6,chrome osfeaturestouchscreenstorage typeemmcupc198122700417,n-seriesscreen size11,integrated intel uhd graphicsprocessor speed3,32 gb,32 gb
4340,US $549.00,newnew,lenovo,2.60 GHz,ssd (solid state drive)item width,512,14,windows 10 profeaturesbluetooth,intel core i5 11th gen,intel iris xe graphicsprocessor speed2,512 gb,512 gb
4352,"GBP 3,199.00",usedused,asus,2.5 GHz,ssd (solid state drive)item weight,64,16,windows 11 homehard drive capacity2 tbstorage typessd,amd ryzen r9-7945hxscreen size16 ingraphics processing typededicated graphicsram size64 gbmpngx650pynm010w,nvidia geforce rtx 4090processor speed2,2 tb,2 tb
4354,US $500.00,newnew,lenovo,1.30 GHz,ssd (solid state drive)maximum resolution,8,15.6,windows 11 prohard drive capacity512 gbrelease year2022brandlenovocolorgrayprocessor speed1,intel core i5 12th gen,intel uhd graphicsprocessorintel core i5 12th gen,512 gb,512 gb
4356,US $189.95,newnew,acer,1.01 GHz,ssd (solid state drive)item width,4,11.6,chrome oshard drive capacity32 gbfeaturestouchscreen,intel celeron nscreen size11,intel hd graphics 500processor speed1,32 gb,32 gb
4364,US $799.00,certified - refurbishedcertified - refurbished,dell,3.70 GHz,ssd (solid state drive)item width,32,16,windows 11 homefeaturestouchscreen,intel core i7 13th gen,intel iris xe graphicsprocessor speed3,1 tb,1 tb
4366,US $955.99,excellent - refurbishedexcellent - refurbished,dell,2.40 GHz,ssd (solid state drive)colorblackmaximum resolution,32,15,windows 11 profeaturesbluetooth,intel core i7 12th gen,nvidia rtx a1000typenotebook,512 gb,512 gb
4370,US $99.99,open boxopen box,lenovo,2.00 GHz,ssd (solid state drive)item width,4,10.1,chrome oshard drive capacity128 gbfeaturestouchscreen,mediatek helio p60tscreen size10,integratedprocessor speed2,128 gb,128 gb
4374,US $349.99,open boxopen box,hp,1.10 GHz,ssd (solid state drive)item width,8,15.6,windows 11 homefeaturesbluetooth,intel pentium silverscreen size15,intel uhd graphics 605processor speed1,256 gb,256 gb
4382,US $84.99,very good - refurbishedvery good - refurbished,hp,1.10 GHz,emmc,32,14,chrome os,intel celeronscreen size14 ingraphics processing typeintegrated,intel hd graphics 500maximum resolution1366 x 768serieschromebookcountry,32 gb,32 gb
4398,US $650.00,newnew,lenovo,4.40 GHz,ssd (solid state drive)upc,16,14,windows 11 profeaturesbluetooth,intel core i5 12th gen,intel iris xe graphicsprocessor speed4,512 gb,512 gb
4422,GBP 185.00,usedused,hp,1.30 GHz,ssd (solid state drive),256,14.1,not includedhard drive capacity256 gbstorage typessd,intel core i5 8th gen,integrated intel uhd graphicsprocessor speed1,256 gb,256 gb
4426,US $769.00,newnew,asus,4.70 GHz,ssd (solid state drive),16,15.6,windows 11 homefeaturesbluetooth,intel core i7 11th gen,nvidia geforce rtx 3050processor speed4,512 gb,512 gb
4430,US $124.99,open boxopen box,asus,1.1 GHz,emmcitem weight,4,15,chrome osfeatures10,intel celerongraphics processing typededicated graphicsmpn80339975item length14inssd capacity64 gbmost suitable forcasual computinggpuintel hd graphicsitem height,intel hd graphicsitem height,64 gb,64 gb
4454,GBP 259.99,usedused,hp,1.70 GHz,ssd (solid state drive)typenotebook,8,14,windows 11 proprocessor speed1,i5-8350uscreen size14 incoloursilverconnectivityusb 3,intel hd graphics 620graphics processing typeintegratedhard drive capacity256gb ssdmaximum resolution1920 x 1080model840g5operating systemwindows 11 proprocessor speed1,256 gb,256 gb
4564,US $999.49,newnew,asus,3.80 GHz,ssd (solid state drive)upc,16,15.6,windows 11 homefeaturesbacklit keyboard,intel core ultra 7 155hscreen size15,nvidia geforce rtx 3050processor speed3,1 tb,1 tb
4594,US $819.99,excellent - refurbishedexcellent - refurbished,dell,2.20 GHz,ssd (solid state drive),32,15,windows 11 profeaturesbluetooth,intel core i7 13th gen,nvidia rtx a500processor speed2,512 gb,512 gb
4618,US $204.99,newnew,acer,2.80 GHz,emmcupc,64,15.6,chrome oshard drive capacity64 gbstorage typeemmcupc195133229036,intel processor nscreen size15,intel uhd graphicsprocessor speed2,64 gb,64 gb
4624,US $255.00,good - refurbishedgood - refurbished,dell,1.80 GHz,ssd (solid state drive)release year,8,14,windows 10 prossd capacity256 gbgpuintel uhd graphicstypenotebook,intel core i7 10th genmodel7410operating systemwindows 10 prossd capacity256 gbgpuintel uhd graphicstypenotebook,intel uhd graphicstypenotebook,256 gb,256 gb
4646,US $135.00,newnew,asus,1.10 GHz,ssd (solid state drive)country,4,14,chrome oshard drive capacity64 gbfeaturesbluetooth,intel n3550screen size14 ingraphics processing typeintegrated,intel hd graphics 500processor speed1,64 gb,64 gb
4664,US $999.00,newnew,apple,4.05 GHz,ssd (solid state drive)country,16,13.3,iosfeaturesbacklit keyboard,apple m3screen size13,8cprocessor speed4,256 gb,256 gb
4778,US $219.97,newnew,dell,1.80 GHz,hdd (hard disk drive)item weight,4,11.6,windows 10featurestouchscreen,amd a9graphics processing typeintegrated,amd radeon r5release year2019manufacturer warrantynoneitem height0,500 gb,500 gb
4786,US $699.99,newnew,acer,2.50 GHz,ssd (solid state drive),8,15.6,windows 10 homefeaturesbluetooth,intel core i5 10th gen,nvidia geforce rtx 3050processor speed2,256 gb,256 gb
4844,US $749.99,open boxopen box,dell,1.70 GHz,ssd (solid state drive)item width,16,15.6,windows 11 profeaturestouchscreen,intel core i7 13th gen,intel iris xe graphicsprocessor speed1,512 gb,512 gb
4948,"US $1,359.99",newnew,asus,4.9 GHz,ssd (solid state drive)item weight,16,16,windows 11 homehard drive capacity1 tbitem width10,4,nvidia geforce rtx 4060release year2024item height13,1 tb,1 tb
5024,US $140.00,open boxopen box,dell,1.40 GHz,ssd (solid state drive)item weight,4,13,chrome osfeatures3d camera,intel celeronscreen size13 ingraphics processing typeintegrated,intel hd graphicsprocessor speed1,16 gb,16 gb
5074,US $229.00,certified - refurbishedcertified - refurbished,lenovo,2.00 GHz,ssd (solid state drive)item width,4,15.6,windows 11 sfeaturesbluetooth,intel pentiumscreen size15,intel uhd graphicsprocessor speed2,128 gb,128 gb
5082,US $947.49,newnew,asus,3.20 GHz,ssd (solid state drive)upc,16,15.6,windows 11 homefeaturesbluetooth,amd ryzen 7 6000 seriesscreen size15,nvidia geforce rtx 3060processor speed3,1 tb,1 tb
5106,US $369.49,newnew,hp,2.40 GHz,ssd (solid state drive)upc,8,15.6,windows 11 sfeaturesbluetooth,amd ryzen 3 7320uscreen size15,amd radeon graphicsprocessor speed2,256 gb,256 gb
5244,US $999.99,newnew,dell,1.60 GHz,ssd (solid state drive),16,14,windows 11 profeaturesbacklit keyboard,i5-1345uscreen size14 ingraphics processing typeintegrated,intel iris xe graphicsprocessor speed1,256 gb,256 gb
5246,US $499.99,very good - refurbishedvery good - refurbished,dell,2.20 GHz,ssd (solid state drive)item weight,32,15.6,windows 11 prohard drive capacity32 gbitem width13,xeon e-2167mgraphics processing typededicated graphicsmpn7530ssd capacity1 tbitem length9,nvida quardo p2000release year2018manufacturer warranty2 year warranty from allstate,32 gb,1 tb
5888,US $99.99,open boxopen box,asus,1.10 GHz,emmcitem width,4,11.6,chrome oshard drive capacity32 gbfeaturesbluetooth,intel celeron n3350screen size11,intel hd graphicsprocessor speed1,32 gb,32 gb
6022,US $529.99,open boxopen box,dell,1.80 GHz,ssd (solid state drive)item weight,16,15.6,windows 11 homefeaturesbluetooth,amd ryzen 7graphics processing typeintegrated,amd radeon graphicsrelease year2021manufacturer warranty1 yearitem height0,1 tb,1 tb
6350,US $199.00,usedused,dell,2.40 GHz,ssd (solid state drive)upcdoes not apply,8,14,windows 11 profeaturesbacklit keyboard,intel core i5 6th gen,intel hd graphics 520processor speed2,256 gb,256 gb
6582,GBP 115.00,usedused,hp,2.16 GHz,ssd (solid state drive)eandoesnotapply,3,14,windowshard drive capacity2 gbstorage typessd,intel celeronscreen size14 ingraphics processing typeintegrated,amd radeon r5processor speed2,2 gb,240 gb
6606,US $399.99,excellent - refurbishedexcellent - refurbished,lenovo,3.40 GHz,ssd (solid state drive),8,14,with our software package that includes pdf reader,intel core i5 8th gen,intel hd graphics 620processor speed3,256 gb,256 gb
6626,US $229.00,certified - refurbishedcertified - refurbished,dell,2.60 GHz,ssd (solid state drive)release year,8,15.6,windows 10 prossd capacity256 gbgpuintel,intel core i5 7th genmodel5590operating systemwindows 10 prossd capacity256 gbgpuintel,intel,256 gb,256 gb
6696,US $185.00,usedused,dell,1.70 GHz,ssd (solid state drive),8,14,windows 11 profeatureswi-fihard drive capacity256 gbstorage typessd,intel core i5 8th gen,intel hd graphics 620processor speed1,256 gb,256 gb
7284,US $902.14,newnew,lenovo,1.30 GHz,ssd (solid state drive)item width,16,16,windows 11 profeaturesbuilt-in webcam,intel core i5 13th gen,intel iris xe graphicsprocessor speed1,256 gb,256 gb
7932,US $289.99,newnew,hp,1.20 GHz,emmcitem width,4,14,windows 10featuresbluetooth,amd 3020escreen size14 ingraphics processing typeintegrated,amd radeonprocessor speed1,64 gb,64 gb
8012,US $703.05,certified - refurbishedcertified - refurbished,dell,4.70 GHz,ssd (solid state drive),16,16,windows 11 homefeaturesbluetooth,intel core i7 12th gen,nvidia geforce mx570processor speed4,512 gb,512 gb
8052,GBP 150.00,usedused,hp,2.53 GHz,ssd (solid state drive)eandoesnotapply,3,14,windowshard drive capacity300 gbstorage typessd,intel pentiumscreen size14 ingraphics processing typeintegrated,amd radeon r5processor speed2,300 gb,240 gb
8146,US $230.00,usedused,dell,1.60 GHz,ssd (solid state drive),8,14,windows 11 profeatures10,intel core i5 8th gen,intel hd graphics 620processor speed1,256 gb,256 gb
8376,US $214.99,very good - refurbishedvery good - refurbished,lenovo,2.60 GHz,ssd (solid state drive),12,14,windows 10 prohard drive capacity256 gbfeatures10,intel core i7 6th gen,intel hd graphicsprocessor speed2,256 gb,256 gb
8598,US $274.99,excellent - refurbishedexcellent - refurbished,hp,1.90 GHz,ssd (solid state drive)release year,16,14,windows 10 prossd capacity256 gbgpuintegrated,intel core i7 8th genmodel840 g6operating systemwindows 10 prossd capacity256 gbgpuintegrated,integrated,256 gb,256 gb
8932,US $599.97/ea,newnew,hp,4.6 GHz,ssd (solid state drive),16,17.3,windows 11 prohard drive capacity1 tbstorage typessd,i3-n305screen size17,integrated intel uhd graphicsprocessor speed4,1 tb,1 tb
9540,"US $1,399.00",usedused,dell,2.40 GHz,ssd (solid state drive),128,17.3,windows 10 profeatures10,intel core i7 10th gen,nvidia quadro rtx 4000processor speed2,1 tb,1 tb
9692,US $169.99,open boxopen box,hp,1.10 GHz,emmcitem width,4,14,chrome oshard drive capacity32 gbfeaturestouchscreen,intel celeron n4020 dual-corescreen size14 ingraphics processing typeintegrated,intel uhd graphics 600processor speed1,32 gb,32 gb
9698,US $249.99,open boxopen box,hp,1.1 GHz,ssd (solid state drive)item width,4,14,windows 10 shard drive capacity128 gbfeaturesbluetooth,intel pentiumscreen size14 ingraphics processing typeintegrated,intel uhd graphics 605processor speed1,128 gb,128 gb
10350,US $849.99,excellent - refurbishedexcellent - refurbished,lenovo,1.80 GHz,ssd (solid state drive)country,16,14,windows 11 homescreen size14 inram size16 gbcolorblackprocessor speed1,13th gen intel core i7-1355ugraphics processing typeintegrated,intel uhd graphicsrelease year2021manufacturer warranty3 monthsfeaturestouchscreenhard drive capacity1 tboperating systemwindows 11 homescreen size14 inram size16 gbcolorblackprocessor speed1,1 tb,1 tb
13044,US $125.00,open boxopen box,samsung,1.10 GHz,emmc,4,11.6,chrome oshard drive capacity32 gbfeaturesbluetooth,intel celeronscreen size11,intel uhd graphics 600processor speed1,32 gb,32 gb
13644,US $279.99,open boxopen box,hp,2.40 GHz,ssd (solid state drive)item width,4,15.6,windows 10featuresbluetooth,amd athlonscreen size15,amd radeonprocessor speed2,256 gb,256 gb
13986,US $599.99,excellent - refurbishedexcellent - refurbished,dell,1.60 GHz,ssd (solid state drive)colorgraymaximum resolution,32,14,windows 10 profeaturesbluetooth,intel core i5 13th gen,intel iris xe graphicshard drive capacity512 gbstorage typessd,512 gb,512 gb
14436,GBP 165.00,usedused,hp,1.60 GHz,ssd (solid state drive)eandoesnotapply,4,14,windowshard drive capacity1 tbstorage typessd,intel pentiumscreen size14 ingraphics processing typeintegrated,amd radeon r5processor speed1,1 tb,1 tb
